store_name,city_name,state_id,lat,lng
Walmart Supercenter,Anchorage,AK,61.192,-149.88
Walmart Supercenter,Anchorage,AK,61.212,-149.743
Walmart Supercenter,Anchorage,AK,61.14,-149.865
Walmart Supercenter,Eagle River,AK,61.309,-149.535
Walmart Supercenter,Wasilla,AK,61.569,-149.365
Walmart Supercenter,Fairbanks,AK,64.857,-147.69
Walmart Supercenter,Kenai,AK,60.564,-151.226
Walmart,Ketchikan,AK,55.375,-131.721
Walmart,Kodiak,AK,57.812,-152.365
Walmart Supercenter,Adamsville,AL,33.58,-86.924
Walmart Supercenter,Gardendale,AL,33.647,-86.823
Walmart Supercenter,Hueytown,AL,33.458,-86.968
Walmart Supercenter,Sumiton,AL,33.743,-87.042
Walmart Neighborhood Market,Birmingham,AL,33.468,-86.822
Walmart Supercenter,Homewood,AL,33.447,-86.821
Walmart Supercenter,Birmingham,AL,33.529,-86.72
Walmart Supercenter,Birmingham,AL,33.59,-86.7
Walmart Neighborhood Market,Vestavia Hills,AL,33.429,-86.792
Walmart Neighborhood Market,Birmingham,AL,33.637,-86.684
Walmart Supercenter,Bessemer,AL,33.361,-87.001
Walmart Neighborhood Market,Hoover,AL,33.393,-86.799
Walmart Supercenter,Hoover,AL,33.362,-86.825
Walmart Supercenter,Birmingham,AL,33.639,-86.629
Walmart Neighborhood Market,Birmingham,AL,33.382,-86.739
Walmart Supercenter,Hoover,AL,33.422,-86.676
Walmart Supercenter,Pelham,AL,33.341,-86.791
Walmart Neighborhood Market,Helena,AL,33.28,-86.851
Walmart Supercenter,Jasper,AL,33.843,-87.254
Walmart Supercenter,Leeds,AL,33.562,-86.519
Walmart Supercenter,Chelsea,AL,33.348,-86.619
Walmart Supercenter,Alabaster,AL,33.236,-86.802
Walmart Neighborhood Market,Alabaster,AL,33.212,-86.829
Walmart Supercenter,Springville,AL,33.779,-86.432
Walmart Supercenter,Calera,AL,33.146,-86.752
Walmart Supercenter,Brent,AL,32.963,-87.169
Walmart Supercenter,Sylacauga,AL,33.174,-86.287
Walmart Supercenter,Clanton,AL,32.818,-86.607
Walmart Supercenter,Alexander City,AL,32.939,-85.977
Walmart Supercenter,Tallassee,AL,32.566,-85.931
Walmart Supercenter,Wetumpka,AL,32.507,-86.213
Walmart Neighborhood Market,Auburn,AL,32.63,-85.496
Walmart Supercenter,Talladega,AL,33.438,-86.081
Walmart Supercenter,Andalusia,AL,31.32,-86.445
Walmart Supercenter,Oxford,AL,33.599,-85.832
Walmart Supercenter,Anniston,AL,33.72,-85.82
Walmart Supercenter,Jacksonville,AL,33.788,-85.762
Walmart Supercenter,Pell City,AL,33.609,-86.277
Walmart Supercenter,Gadsden,AL,34.01,-85.988
Walmart Supercenter,Attalla,AL,33.994,-86.094
Walmart Supercenter,Arab,AL,34.342,-86.501
Walmart Supercenter,Guntersville,AL,34.301,-86.277
Walmart Supercenter,Boaz,AL,34.215,-86.154
Walmart Supercenter,Huntsville,AL,34.616,-86.571
Walmart Supercenter,Cullman,AL,34.205,-86.87
Walmart Neighborhood Market,Huntsville,AL,34.647,-86.542
Walmart Supercenter,Cullman,AL,34.15,-86.841
Walmart Supercenter,Owens Cross Roads,AL,34.658,-86.486
Walmart Supercenter,Oneonta,AL,33.972,-86.448
Walmart Supercenter,Huntsville,AL,34.703,-86.585
Walmart Supercenter,Hartselle,AL,34.453,-86.949
Walmart Neighborhood Market,Huntsville,AL,34.714,-86.626
Walmart Supercenter,Madison,AL,34.684,-86.741
Walmart Supercenter,Huntsville,AL,34.746,-86.676
Walmart Supercenter,Huntsville,AL,34.763,-86.595
Walmart Supercenter,Decatur,AL,34.557,-86.998
Walmart Neighborhood Market,Decatur,AL,34.589,-86.981
Walmart Supercenter,Madison,AL,34.751,-86.773
Walmart Supercenter,Huntsville,AL,34.82,-86.493
Walmart Supercenter,Athens,AL,34.789,-86.959
Walmart Neighborhood Market,Madison,AL,34.794,-86.749
Clinic Pharmacy,Huntsville,AL,34.83,-86.64
Walmart Supercenter,Hazel Green,AL,34.947,-86.572
Walmart Supercenter,Moulton,AL,34.493,-87.273
Walmart Supercenter,Pulaski,TN,35.202,-87.057
Walmart Supercenter,Fayetteville,TN,35.132,-86.566
Walmart Supercenter,Atmore,AL,31.038,-87.495
Walmart Supercenter,Bay Minette,AL,30.883,-87.788
Walmart Supercenter,Brewton,AL,31.148,-87.065
Walmart Supercenter,Monroeville,AL,31.481,-87.328
Walmart Neighborhood Market,Pace,FL,30.647,-87.149
Walmart Supercenter,Centre,AL,34.16,-85.714
Walmart Supercenter,Fort Payne,AL,34.439,-85.761
Walmart Neighborhood Market,Auburn,AL,32.624,-85.45
Walmart Supercenter,Auburn,AL,32.571,-85.496
Walmart Supercenter,Opelika,AL,32.636,-85.421
Walmart Supercenter,Valley,AL,32.837,-85.178
Walmart Neighborhood Market,Phenix City,AL,32.47,-85.084
Walmart Supercenter,Phenix City,AL,32.499,-85.045
Walmart Neighborhood Market,Columbus,GA,32.506,-84.978
Walmart Supercenter,Columbus,GA,32.541,-84.948
Walmart Supercenter,Columbus,GA,32.522,-84.949
Walmart Supercenter,Columbus,GA,32.424,-84.945
Walmart Neighborhood Market,Columbus,GA,32.553,-84.896
Walmart Neighborhood Market,Columbus,GA,32.468,-84.91
Walmart Supercenter,Daphne,AL,30.625,-87.905
Walmart Supercenter,Saraland,AL,30.802,-88.098
Walmart Supercenter,Robertsdale,AL,30.532,-87.711
Walmart Neighborhood Market,Mobile,AL,30.67,-88.105
Walmart Supercenter,Mobile,AL,30.684,-88.125
Walmart Supercenter,Fairhope,AL,30.522,-87.849
Walmart Neighborhood Market,Mobile,AL,30.717,-88.165
Walmart Neighborhood Market,Mobile,AL,30.65,-88.162
Walmart Supercenter,Semmes,AL,30.762,-88.229
Walmart Neighborhood Market,Mobile,AL,30.678,-88.195
Walmart Neighborhood Market,Mobile,AL,30.642,-88.19
Walmart Supercenter,Mobile,AL,30.676,-88.225
Walmart Supercenter,Mobile,AL,30.596,-88.163
Walmart Supercenter,Mobile,AL,30.639,-88.246
Walmart Neighborhood Market,Theodore,AL,30.564,-88.213
Walmart Supercenter,Foley,AL,30.383,-87.686
Walmart Neighborhood Market,Tuscaloosa,AL,33.17,-87.483
Walmart Supercenter,Scottsboro,AL,34.669,-86.009
Walmart Supercenter,Tuscaloosa,AL,33.166,-87.518
Walmart Neighborhood Market,Tuscaloosa,AL,33.128,-87.549
Walmart Neighborhood Market,Northport,AL,33.24,-87.574
Walmart Supercenter,Northport,AL,33.236,-87.615
Walmart Neighborhood Market,Milton,FL,30.605,-87.062
Walmart Supercenter,Milton,FL,30.601,-87.117
Walmart Supercenter,Cedartown,GA,34.046,-85.24
Walmart Supercenter,Rome,GA,34.275,-85.23
Walmart Supercenter,Rome,GA,34.221,-85.13
Walmart Supercenter,Trion,GA,34.522,-85.316
Walmart Supercenter,Millbrook,AL,32.494,-86.398
Walmart Supercenter,Prattville,AL,32.461,-86.416
Walmart Supercenter,Gulf Shores,AL,30.268,-87.686
Walmart Neighborhood Market,Orange Beach,AL,30.269,-87.594
Walmart Supercenter,Demopolis,AL,32.493,-87.85
Walmart Supercenter,Dothan,AL,31.179,-85.404
Walmart Neighborhood Market,Dothan,AL,31.232,-85.448
Walmart Supercenter,Dothan,AL,31.268,-85.441
Walmart Supercenter,Ozark,AL,31.445,-85.651
Walmart Supercenter,Enterprise,AL,31.318,-85.83
Walmart,Geneva,AL,31.052,-85.899
Walmart Supercenter,Chipley,FL,30.754,-85.551
Walmart Supercenter,Troy,AL,31.78,-85.939
Walmart Supercenter,Eufaula,AL,31.844,-85.168
Walmart Supercenter,Pensacola,FL,30.361,-87.362
Walmart Supercenter,Fayette,AL,33.734,-87.809
Walmart Supercenter,Winfield,AL,33.938,-87.841
Walmart Supercenter,Hamilton,AL,34.12,-87.992
Walmart Neighborhood Market,Florence,AL,34.818,-87.656
Walmart Supercenter,Florence,AL,34.843,-87.692
Walmart Supercenter,Muscle Shoals,AL,34.745,-87.674
Walmart Supercenter,Florence,AL,34.834,-87.625
Walmart Supercenter,Russellville,AL,34.495,-87.729
Walmart,Iuka,MS,34.804,-88.204
Walmart Neighborhood Market,Pensacola,FL,30.476,-87.308
Walmart Neighborhood Market,Pensacola,FL,30.533,-87.314
Walmart Supercenter,Pensacola,FL,30.396,-87.28
Walmart Supercenter,Pensacola,FL,30.438,-87.277
Walmart Supercenter,Pensacola,FL,30.527,-87.272
Walmart Neighborhood Market,Pensacola,FL,30.531,-87.232
Walmart Supercenter,Pensacola,FL,30.497,-87.193
Walmart Neighborhood Market,Gulf Breeze,FL,30.365,-87.168
Walmart Supercenter,La Fayette,GA,34.747,-85.273
Walmart Supercenter,Defuniak Springs,FL,30.704,-86.125
Walmart Supercenter,Greenville,AL,31.849,-86.647
Walmart Supercenter,Haleyville,AL,34.24,-87.599
Walmart Supercenter,Fulton,MS,34.241,-88.398
Walmart Supercenter,Amory,MS,33.968,-88.459
Walmart Supercenter,Winchester,TN,35.218,-86.104
Walmart Supercenter,Kimball,TN,35.04,-85.682
Walmart Neighborhood Market,Montgomery,AL,32.403,-86.266
Walmart Supercenter,Montgomery,AL,32.371,-86.268
Walmart Supercenter,Montgomery,AL,32.385,-86.185
Walmart Supercenter,Montgomery,AL,32.326,-86.232
Walmart Neighborhood Market,Montgomery,AL,32.34,-86.175
Walmart Supercenter,Montgomery,AL,32.355,-86.135
Walmart Supercenter,Jackson,AL,31.559,-87.876
Walmart Supercenter,Columbus,GA,32.539,-84.877
Walmart Neighborhood Market,Lagrange,GA,33.04,-85.012
Walmart Supercenter,Lagrange,GA,33.06,-85.031
Walmart Supercenter,Gulf Breeze,FL,30.391,-87.063
Walmart Supercenter,Selma,AL,32.433,-87.014
Walmart Supercenter,Roanoke,AL,33.164,-85.367
Walmart Supercenter,Carrollton,GA,33.543,-85.077
Walmart Supercenter,Lucedale,MS,30.926,-88.555
Walmart Supercenter,Pascagoula,MS,30.386,-88.519
Walmart Supercenter,Thomasville,AL,31.94,-87.737
Walmart Supercenter,Alma,AR,35.479,-94.229
Walmart Supercenter,Van Buren,AR,35.469,-94.354
Walmart Supercenter,Fort Smith,AR,35.4,-94.363
Walmart Supercenter,Fort Smith,AR,35.35,-94.338
Walmart Neighborhood Market,Fort Smith,AR,35.365,-94.378
Walmart Supercenter,Fort Smith,AR,35.329,-94.406
Walmart Neighborhood Market,Fort Smith,AR,35.304,-94.395
Walmart Supercenter,Greenwood,AR,35.221,-94.297
Walmart,Ozark,AR,35.504,-93.844
Walmart Supercenter,Booneville,AR,35.14,-93.903
Walmart Supercenter,Stilwell,OK,35.808,-94.628
Walmart,Paris,AR,35.293,-93.716
Walmart Supercenter,Sallisaw,OK,35.451,-94.802
Walmart Supercenter,Arkadelphia,AR,34.118,-93.095
Walmart Supercenter,Malvern,AR,34.391,-92.833
Walmart Supercenter,Hot Springs,AR,34.456,-93.064
Walmart Neighborhood Market,Hot Springs,AR,34.469,-93.141
Walmart Supercenter,Hot Springs,AR,34.493,-93.091
Walmart Neighborhood Market,Hot Springs,AR,34.495,-93.038
Walmart Supercenter,Ash Flat,AR,36.241,-91.596
Walmart,Thayer,MO,36.525,-91.533
Walmart Supercenter,Batesville,AR,35.763,-91.614
Walmart Supercenter,Ashdown,AR,33.657,-94.109
Walmart Neighborhood Market,Texarkana,TX,33.47,-94.095
Walmart Supercenter,Texarkana,AR,33.462,-94.04
Walmart Supercenter,Texarkana,TX,33.445,-94.101
Walmart Neighborhood Market,Texarkana,TX,33.449,-94.065
Walmart Neighborhood Market,Wake Village,TX,33.42,-94.101
Walmart Supercenter,New Boston,TX,33.471,-94.404
Walmart Supercenter,Nashville,AR,33.925,-93.857
Walmart Supercenter,De Queen,AR,34.044,-94.319
Walmart Supercenter,Hope,AR,33.681,-93.615
Walmart Supercenter,Newport,AR,35.618,-91.254
Walmart Supercenter,Mountain View,AR,35.867,-92.102
Walmart Supercenter,Heber Spgs,AR,35.507,-92.032
Walmart Supercenter,Beebe,AR,35.068,-91.906
Walmart Neighborhood Market,Cabot,AR,34.953,-92.007
Walmart Supercenter,Cabot,AR,34.976,-92.04
Walmart Neighborhood Market,Searcy,AR,35.246,-91.75
Walmart Supercenter,Searcy,AR,35.252,-91.687
Walmart Supercenter,Lonoke,AR,34.805,-91.894
Walmart Supercenter,Jacksonville,AR,34.885,-92.112
Walmart Neighborhood Market,Sherwood,AR,34.836,-92.233
Walmart Supercenter,Sherwood,AR,34.839,-92.236
Walmart Supercenter,North Little Rock,AR,34.789,-92.215
Walmart Neighborhood Market,Greenbrier,AR,35.227,-92.388
Walmart Supercenter,Conway,AR,35.11,-92.44
Walmart Neighborhood Market,Conway,AR,35.095,-92.463
Walmart Supercenter,North Little Rock,AR,34.832,-92.395
Walmart Supercenter,Conway,AR,35.072,-92.496
Walmart Supercenter,Benton,AR,34.577,-92.581
Walmart Supercenter,Bryant,AR,34.624,-92.494
Walmart Supercenter,Little Rock,AR,34.667,-92.377
Walmart Supercenter,Little Rock,AR,34.73,-92.395
Walmart Supercenter,Little Rock,AR,34.748,-92.411
Walmart Supercenter,Little Rock,AR,34.81,-92.486
Walmart Supercenter,Sheridan,AR,34.291,-92.397
Walmart Supercenter,Hot Springs Village,AR,34.646,-93.059
Walmart Neighborhood Market,Bentonville,AR,36.373,-94.209
Walmart Supercenter,Bentonville,AR,36.368,-94.225
Convenience with Fuel,Bentonville,AR,36.358,-94.215
Clinic Pharmacy,Bentonville,AR,36.362,-94.196
Walmart Neighborhood Market,Bentonville,AR,36.371,-94.188
Walmart Neighborhood Market,Bentonville,AR,36.389,-94.219
Clinic Pharmacy,Bentonville,AR,36.363,-94.194
Walmart Neighborhood Market,Bentonville,AR,36.354,-94.171
Walmart Neighborhood Market,Bentonville,AR,36.337,-94.224
Walmart Neighborhood Market,Centerton,AR,36.359,-94.253
Clinic Pharmacy,Bentonville,AR,36.327,-94.26
Walmart Supercenter,Rogers,AR,36.332,-94.149
Clinic Pharmacy,Rogers,AR,36.352,-94.128
Walmart Neighborhood Market,Rogers,AR,36.333,-94.127
Walmart Neighborhood Market,Rogers,AR,36.296,-94.186
Walmart Neighborhood Market,Rogers,AR,36.313,-94.124
Walmart Neighborhood Market,Pea Ridge,AR,36.443,-94.119
Walmart Supercenter,Rogers,AR,36.279,-94.151
Walmart Supercenter,Pineville,MO,36.509,-94.279
Walmart Supercenter,Springdale,AR,36.196,-94.184
Walmart Neighborhood Market,Springdale,AR,36.173,-94.163
Walmart Supercenter,Springdale,AR,36.166,-94.147
Walmart Neighborhood Market,Springdale,AR,36.153,-94.183
Walmart Neighborhood Market,Springdale,AR,36.164,-94.092
Walmart Supercenter,Fayetteville,AR,36.122,-94.152
Walmart Neighborhood Market,Fayetteville,AR,36.09,-94.123
Walmart Neighborhood Market,Fayetteville,AR,36.077,-94.21
Clinic Pharmacy,Fayetteville,AR,36.073,-94.175
Walmart Supercenter,Siloam Springs,AR,36.183,-94.513
Walmart Neighborhood Market,Fayetteville,AR,36.057,-94.168
Walmart Supercenter,Fayetteville,AR,36.053,-94.202
Walmart Supercenter,Fayetteville,AR,36.05,-94.201
Walmart Neighborhood Market,Farmington,AR,36.037,-94.256
Walmart Neighborhood Market,Siloam Springs,AR,36.175,-94.558
Walmart Supercenter,Cassville,MO,36.677,-93.89
Walmart Supercenter,Huntsville,AR,36.113,-93.716
Walmart Supercenter,Neosho,MO,36.839,-94.394
Walmart Supercenter,Grove,OK,36.576,-94.766
Walmart Supercenter,Berryville,AR,36.377,-93.584
Walmart Supercenter,Harrison,AR,36.269,-93.139
Walmart,Branson,MO,36.639,-93.26
Walmart Supercenter,Branson West,MO,36.7,-93.372
Walmart Supercenter,Branson,MO,36.67,-93.229
Walmart Supercenter,Blytheville,AR,35.931,-89.872
Walmart Supercenter,Osceola,AR,35.7,-90.013
Walmart Supercenter,Kennett,MO,36.239,-90.038
Walmart Supercenter,Ripley,TN,35.761,-89.543
Walmart Supercenter,Covington,TN,35.546,-89.665
Walmart Supercenter,Dyersburg,TN,36.063,-89.392
Walmart Supercenter,Clarksville,AR,35.449,-93.46
Walmart Supercenter,Camden,AR,33.567,-92.837
Walmart Supercenter,El Dorado,AR,33.242,-92.668
Walmart,Fordyce,AR,33.821,-92.436
Walmart Supercenter,Magnolia,AR,33.303,-93.211
Walmart Neighborhood Market,Russellville,AR,35.284,-93.153
Walmart Supercenter,Russellville,AR,35.28,-93.105
Walmart Supercenter,Dardanelle,AR,35.218,-93.164
Walmart Supercenter,Clinton,AR,35.566,-92.454
Walmart Supercenter,Morrilton,AR,35.169,-92.724
Walmart Supercenter,Crossett,AR,33.138,-91.942
Walmart Supercenter,Bastrop,LA,32.774,-91.87
Walmart Supercenter,Farmerville,LA,32.77,-92.394
Walmart,Broken Bow,OK,34.022,-94.739
Walmart Supercenter,Idabel,OK,33.898,-94.804
Walmart Supercenter,Flippin,AR,36.275,-92.604
Walmart Supercenter,Mountain Home,AR,36.357,-92.341
Walmart Supercenter,Pine Bluff,AR,34.174,-92.003
Walmart Supercenter,Forrest City,AR,35.028,-90.794
Walmart Supercenter,Wynne,AR,35.253,-90.778
Walmart Supercenter,Helena-west Helena,AR,34.556,-90.653
Walmart Supercenter,West Memphis,AR,35.166,-90.2
Walmart Supercenter,Poteau,OK,35.093,-94.632
Walmart Supercenter,Clarksdale,MS,34.183,-90.591
Walmart Supercenter,Jonesboro,AR,35.821,-90.684
Walmart Neighborhood Market,Jonesboro,AR,35.825,-90.671
Walmart Supercenter,Jonesboro,AR,35.817,-90.734
Walmart Neighborhood Market,Jonesboro,AR,35.803,-90.699
Walmart Supercenter,Trumann,AR,35.681,-90.55
Walmart Neighborhood Market,Paragould,AR,36.03,-90.523
Walmart Supercenter,Paragould,AR,36.057,-90.523
Walmart,Walnut Ridge,AR,36.075,-90.972
Walmart Supercenter,Pocahontas,AR,36.249,-90.963
Walmart Supercenter,Stuttgart,AR,34.477,-91.549
Walmart Supercenter,Springhill,LA,32.984,-93.46
Walmart,Mcgehee,AR,33.603,-91.383
Walmart Supercenter,Monticello,AR,33.636,-91.802
Walmart Supercenter,Greenville,MS,33.368,-91.04
Walmart Supercenter,Mena,AR,34.589,-94.226
Walmart Supercenter,Millington,TN,35.356,-89.896
Walmart Supercenter,Memphis,TN,35.232,-89.894
Walmart Neighborhood Market,Bartlett,TN,35.228,-89.847
Walmart Supercenter,Monett,MO,36.912,-93.903
Walmart Supercenter,Tahlequah,OK,35.888,-94.979
Walmart Neighborhood Market,Locust Grove,OK,36.199,-95.158
Walmart Supercenter,Atlanta,TX,33.115,-94.185
Walmart Neighborhood Market,Marion,AR,35.198,-90.183
Walmart Supercenter,Memphis,TN,35.005,-90.027
Walmart Supercenter,Horn Lake,MS,34.965,-90.063
Walmart Neighborhood Market,Horn Lake,MS,34.961,-90.033
Walmart Supercenter,Southaven,MS,34.96,-89.996
Walmart Neighborhood Market,Memphis,TN,35.07,-89.863
Walmart Supercenter,Memphis,TN,35.176,-89.839
Walmart Neighborhood Market,Memphis,TN,35.022,-89.83
Walmart Supercenter,Cordova,TN,35.141,-89.798
Walmart Supercenter,Memphis,TN,35.048,-89.811
Walmart Supercenter,Olive Branch,MS,34.965,-89.85
Walmart Supercenter,Bartlett,TN,35.206,-89.783
Walmart Supercenter,Hernando,MS,34.822,-89.969
Walmart Supercenter,Collierville,TN,35.047,-89.679
Walmart Supercenter,Anthem,AZ,33.87,-112.155
Walmart Supercenter,Phoenix,AZ,33.709,-112.11
Walmart Supercenter,Cave Creek,AZ,33.796,-111.965
Walmart Neighborhood Market,Phoenix,AZ,33.714,-112.201
Walmart Neighborhood Market,Glendale,AZ,33.656,-112.15
Walmart Supercenter,Peoria,AZ,33.681,-112.277
Walmart Supercenter,Glendale,AZ,33.651,-112.235
Walmart Supercenter,Phoenix,AZ,33.638,-112.098
Walmart Supercenter,Glendale,AZ,33.636,-112.185
Walmart Supercenter,Phoenix,AZ,33.639,-111.982
Walmart Neighborhood Market,Peoria,AZ,33.609,-112.218
Walmart Supercenter,Surprise,AZ,33.643,-112.358
Walmart Neighborhood Market,Glendale,AZ,33.58,-112.202
Walmart Supercenter,Phoenix,AZ,33.572,-112.122
Walmart Supercenter,Peoria,AZ,33.581,-112.231
Walmart Supercenter,Phoenix,AZ,33.596,-111.979
Walmart Neighborhood Market,Glendale,AZ,33.565,-112.17
Walmart Neighborhood Market,Phoenix,AZ,33.567,-112.072
Walmart Supercenter,El Mirage,AZ,33.611,-112.337
Walmart Supercenter,Scottsdale,AZ,33.625,-111.894
Walmart Supercenter,Glendale,AZ,33.552,-112.18
Walmart Neighborhood Market,Surprise,AZ,33.623,-112.392
Walmart Neighborhood Market,Glendale,AZ,33.539,-112.219
Walmart Supercenter,Phoenix,AZ,33.527,-112.133
Walmart Supercenter,Phoenix,AZ,33.522,-112.093
Walmart Supercenter,Surprise,AZ,33.612,-112.421
Walmart Supercenter,Phoenix,AZ,33.496,-112.172
Walmart Supercenter,Glendale,AZ,33.51,-112.267
Walmart Supercenter,Phoenix,AZ,33.471,-112.223
Walmart Supercenter,Phoenix,AZ,33.479,-112.001
Clinic Pharmacy,Litchfield Park,AZ,33.532,-112.412
Walmart Supercenter,Scottsdale,AZ,33.508,-111.89
Walmart Neighborhood Market,Goodyear,AZ,33.487,-112.364
Walmart Supercenter,Avondale,AZ,33.459,-112.338
Walmart Supercenter,Phoenix,AZ,33.42,-112.223
Walmart Supercenter,Goodyear,AZ,33.459,-112.395
Walmart Supercenter,Phoenix,AZ,33.391,-112.137
Walmart Supercenter,Mesa,AZ,33.432,-111.865
Walmart Neighborhood Market,Mesa,AZ,33.452,-111.815
Walmart Neighborhood Market,Phoenix,AZ,33.376,-112.03
Walmart Supercenter,Tempe,AZ,33.394,-111.928
Walmart Supercenter,Apache Junction,AZ,33.414,-111.579
Walmart Supercenter,Mesa,AZ,33.385,-111.6
Walmart Neighborhood Market,Mesa,AZ,33.363,-111.654
Walmart Supercenter,Mesa,AZ,33.392,-111.699
Walmart Neighborhood Market,Mesa,AZ,33.424,-111.721
Walmart Supercenter,Gilbert,AZ,33.32,-111.689
Walmart Supercenter,Mesa,AZ,33.449,-111.734
Walmart Supercenter,Mesa,AZ,33.385,-111.74
Walmart Supercenter,Queen Creek,AZ,33.252,-111.63
Walmart Neighborhood Market,Mesa,AZ,33.45,-111.772
Walmart Neighborhood Market,Mesa,AZ,33.38,-111.773
Walmart Supercenter,Gilbert,AZ,33.305,-111.741
Walmart Supercenter,Mesa,AZ,33.38,-111.803
Walmart Supercenter,San Tan Valley,AZ,33.176,-111.585
Walmart Neighborhood Market,Chandler,AZ,33.307,-111.809
Walmart Supercenter,Mesa,AZ,33.38,-111.837
Walmart Supercenter,Chandler,AZ,33.282,-111.793
Walmart Supercenter,Chandler,AZ,33.337,-111.855
Walmart Supercenter,Chandler,AZ,33.289,-111.838
Walmart Supercenter,Chandler,AZ,33.306,-111.901
Walmart Supercenter,Tempe,AZ,33.351,-111.96
Walmart Supercenter,Coolidge,AZ,33.0,-111.52
Walmart Supercenter,Buckeye,AZ,33.437,-112.56
Walmart Supercenter,Benson,AZ,31.969,-110.314
Walmart Supercenter,Sierra Vista,AZ,31.559,-110.254
Walmart Supercenter,Tucson,AZ,32.085,-110.776
Walmart Supercenter,Tucson,AZ,32.191,-110.771
Walmart Neighborhood Market,Tucson,AZ,32.22,-110.808
Walmart Supercenter,Bullhead City,AZ,35.083,-114.597
Walmart Supercenter,Fort Mohave,AZ,35.006,-114.595
Walmart Supercenter,Kingman,AZ,35.223,-114.036
Walmart Supercenter,Casa Grande,AZ,32.877,-111.712
Walmart Supercenter,Maricopa,AZ,33.037,-112.014
Walmart Supercenter,Claypool,AZ,33.411,-110.843
Walmart Supercenter,Cottonwood,AZ,34.713,-112.001
Walmart Supercenter,Prescott Valley,AZ,34.592,-112.341
Walmart Supercenter,Prescott,AZ,34.554,-112.409
Walmart Supercenter,Prescott,AZ,34.565,-112.486
Walmart Supercenter,Douglas,AZ,31.338,-109.566
Walmart,Flagstaff,AZ,35.176,-111.665
Walmart Supercenter,Flagstaff,AZ,35.2,-111.614
Walmart Supercenter,Lake Havasu City,AZ,34.571,-114.368
Walmart Supercenter,Green Valley,AZ,31.912,-110.982
Walmart Neighborhood Market,Tucson,AZ,32.133,-111.027
Walmart Supercenter,Tucson,AZ,32.136,-111.001
Walmart Neighborhood Market,Tucson,AZ,32.148,-110.933
Walmart Supercenter,Tucson,AZ,32.186,-110.953
Walmart Neighborhood Market,Tucson,AZ,32.193,-110.843
Walmart Neighborhood Market,Tucson,AZ,32.206,-110.874
Walmart Supercenter,Tucson,AZ,32.224,-110.919
Walmart Supercenter,Tucson,AZ,32.234,-110.84
Walmart Neighborhood Market,Tucson,AZ,32.252,-110.909
Walmart Neighborhood Market,Tucson,AZ,32.266,-110.959
Walmart Supercenter,Tucson,AZ,32.288,-110.965
Walmart Neighborhood Market,Tucson,AZ,32.293,-111.013
Walmart Supercenter,Tucson,AZ,32.344,-111.016
Walmart Neighborhood Market,Oro Valley,AZ,32.351,-110.977
Walmart Supercenter,Nogales,AZ,31.363,-110.931
Walmart Supercenter,Parker,AZ,34.157,-114.278
Walmart Supercenter,Oro Valley,AZ,32.426,-110.941
Walmart Supercenter,Tucson,AZ,32.356,-111.089
Walmart Supercenter,Page,AZ,36.905,-111.487
Walmart Supercenter,Payson,AZ,34.244,-111.325
Walmart Supercenter,Safford,AZ,32.833,-109.731
Walmart Supercenter,San Luis,AZ,32.507,-114.784
Walmart Supercenter,Yuma,AZ,32.682,-114.648
Walmart Supercenter,Yuma,AZ,32.675,-114.602
Walmart Neighborhood Market,Yuma,AZ,32.712,-114.652
Walmart Supercenter,Yuma,AZ,32.669,-114.493
Walmart Supercenter,Show Low,AZ,34.2,-110.016
Walmart Supercenter,Taylor,AZ,34.474,-110.085
Walmart Supercenter,Winslow,AZ,35.043,-110.701
Walmart Supercenter,American Canyon,CA,38.183,-122.253
Walmart Neighborhood Market,Vallejo,CA,38.127,-122.255
Walmart Supercenter,Napa,CA,38.309,-122.283
Walmart,Richmond,CA,37.98,-122.328
Walmart Supercenter,Fairfield,CA,38.279,-122.035
Walmart,Martinez,CA,37.997,-122.109
Walmart Supercenter,Suisun City,CA,38.242,-121.99
Walmart Neighborhood Market,Vacaville,CA,38.344,-121.996
Walmart Neighborhood Market,Vacaville,CA,38.351,-121.951
Walmart Supercenter,Vacaville,CA,38.362,-121.959
Walmart,Pittsburg,CA,38.009,-121.872
Walmart Neighborhood Market,Rohnert Park,CA,38.362,-122.693
Walmart,Rohnert Park,CA,38.367,-122.716
Walmart Supercenter,Antioch,CA,37.963,-121.762
Walmart Supercenter,Dixon,CA,38.472,-121.82
Walmart,San Leandro,CA,37.72,-122.182
Walmart,San Leandro,CA,37.688,-122.131
Walmart Neighborhood Market,Anaheim,CA,33.819,-117.908
Walmart Supercenter,Anaheim,CA,33.836,-117.938
Walmart Supercenter,Anaheim,CA,33.858,-117.919
Walmart,Buena Park,CA,33.845,-117.987
Walmart Supercenter,Garden Grove,CA,33.791,-117.965
Walmart,Orange,CA,33.828,-117.838
Walmart Neighborhood Market,Anaheim,CA,33.834,-117.995
Walmart Supercenter,La Habra,CA,33.916,-117.935
Walmart,Brea,CA,33.913,-117.865
Walmart Neighborhood Market,Stanton,CA,33.775,-117.991
Walmart Supercenter,La Habra,CA,33.915,-117.969
Walmart,Westminster,CA,33.768,-117.993
Walmart Supercenter,Santa Ana,CA,33.737,-117.915
Walmart Neighborhood Market,La Palma,CA,33.846,-118.038
Walmart Neighborhood Market,La Mirada,CA,33.919,-118.014
Walmart Supercenter,Cerritos,CA,33.872,-118.062
Walmart Supercenter,Long Beach,CA,33.829,-118.091
Walmart,Huntington Beach,CA,33.7,-117.986
Walmart Supercenter,Irvine,CA,33.699,-117.835
Walmart Supercenter,Santa Fe Springs,CA,33.941,-118.05
Walmart Supercenter,City of Industry,CA,33.998,-117.932
Walmart Neighborhood Market,Diamond Bar,CA,34.002,-117.809
Walmart Neighborhood Market,Huntington Beach,CA,33.656,-117.987
Walmart Supercenter,Long Beach,CA,33.861,-118.148
Walmart Supercenter,Downey,CA,33.924,-118.129
Walmart Supercenter,Paramount,CA,33.903,-118.145
Walmart Supercenter,Lakewood,CA,33.831,-118.159
Walmart Neighborhood Market,La Puente,CA,34.047,-117.95
Walmart Neighborhood Market,Downey,CA,33.928,-118.148
Walmart Supercenter,Pico Rivera,CA,33.985,-118.105
Walmart Supercenter,Chino,CA,33.996,-117.72
Walmart,Pomona,CA,34.029,-117.758
Walmart Supercenter,Baldwin Park,CA,34.071,-117.963
Walmart Supercenter,Compton,CA,33.909,-118.208
Walmart Supercenter,South Gate,CA,33.954,-118.187
Walmart Supercenter,Foothill Ranch,CA,33.68,-117.671
Walmart Supercenter,Rosemead,CA,34.05,-118.085
Walmart Supercenter,Covina,CA,34.103,-117.91
Walmart Neighborhood Market,Corona,CA,33.878,-117.596
Walmart Supercenter,Glendora,CA,34.117,-117.826
Walmart Neighborhood Market,Carson,CA,33.848,-118.263
Walmart Neighborhood Market,Pomona,CA,34.089,-117.737
Walmart Supercenter,Eastvale,CA,33.973,-117.59
Walmart,Duarte,CA,34.134,-117.985
Walmart Supercenter,Corona,CA,33.846,-117.541
Walmart Supercenter,Ontario,CA,34.083,-117.672
Walmart,Laguna Niguel,CA,33.564,-117.713
Walmart,Torrance,CA,33.857,-118.301
Walmart Neighborhood Market,Rancho Santa Margarita,CA,33.641,-117.601
Walmart,Upland,CA,34.106,-117.678
Walmart Supercenter,Anderson,CA,40.431,-122.29
Walmart Supercenter,Redding,CA,40.584,-122.343
Walmart Supercenter,Red Bluff,CA,40.162,-122.233
Walmart Supercenter,Antelope,CA,38.713,-121.395
Walmart Supercenter,Sacramento,CA,38.704,-121.332
Walmart Supercenter,Citrus Heights,CA,38.69,-121.297
Walmart Neighborhood Market,Carmichael,CA,38.663,-121.325
Walmart Supercenter,North Highlands,CA,38.65,-121.386
Walmart Neighborhood Market,Citrus Heights,CA,38.676,-121.273
Walmart Supercenter,Roseville,CA,38.747,-121.257
Walmart Supercenter,Roseville,CA,38.788,-121.29
Walmart Neighborhood Market,Sacramento,CA,38.617,-121.399
Walmart Supercenter,Orangevale,CA,38.679,-121.222
Walmart Neighborhood Market,Rocklin,CA,38.784,-121.24
Walmart Supercenter,Rancho Cordova,CA,38.596,-121.292
Walmart,Sacramento,CA,38.636,-121.506
Walmart Supercenter,Rocklin,CA,38.803,-121.202
Walmart Supercenter,Folsom,CA,38.668,-121.168
Walmart Neighborhood Market,Lincoln,CA,38.889,-121.292
Walmart Supercenter,West Sacramento,CA,38.587,-121.55
Walmart Supercenter,Sacramento,CA,38.499,-121.434
Walmart Supercenter,Sacramento,CA,38.483,-121.369
Walmart Supercenter,Sacramento,CA,38.459,-121.492
Walmart,Woodland,CA,38.675,-121.741
Walmart,Elk Grove,CA,38.411,-121.392
Walmart Neighborhood Market,Elk Grove,CA,38.41,-121.392
Walmart Neighborhood Market,Woodland,CA,38.661,-121.764
Walmart,Elk Grove,CA,38.391,-121.416
Walmart Neighborhood Market,Woodland,CA,38.681,-121.788
Walmart,Placerville,CA,38.704,-120.829
Walmart Supercenter,Galt,CA,38.29,-121.305
Walmart Supercenter,Marysville,CA,39.127,-121.574
Walmart Supercenter,Yuba City,CA,39.144,-121.655
Walmart Neighborhood Market,San Ramon,CA,37.729,-121.93
Walmart,Livermore,CA,37.699,-121.768
Walmart,Pleasanton,CA,37.698,-121.887
Walmart Supercenter,Stockton,CA,38.05,-121.376
Walmart Supercenter,Tracy,CA,37.752,-121.472
Walmart Neighborhood Market,Stockton,CA,38.004,-121.293
Walmart Supercenter,Lodi,CA,38.113,-121.309
Walmart Supercenter,Stockton,CA,38.023,-121.273
Walmart,Union City,CA,37.604,-122.067
Walmart,Fremont,CA,37.511,-121.943
Walmart,Apple Valley,CA,34.526,-117.223
Walmart Supercenter,Victorville,CA,34.466,-117.35
Walmart Supercenter,Hesperia,CA,34.425,-117.37
Walmart Supercenter,Victorville,CA,34.509,-117.397
Walmart,San Bernardino,CA,34.166,-117.336
Walmart Supercenter,Highland,CA,34.138,-117.195
Walmart Neighborhood Market,Rialto,CA,34.122,-117.374
Walmart Supercenter,Barstow,CA,34.885,-116.992
Walmart,Redlands,CA,34.065,-117.223
Walmart,Fontana,CA,34.106,-117.428
Walmart Supercenter,Rialto,CA,34.077,-117.373
Walmart Neighborhood Market,Loma Linda,CA,34.047,-117.242
Walmart Supercenter,Colton,CA,34.05,-117.307
Walmart,Rancho Cucamonga,CA,34.104,-117.531
Walmart,Arroyo Grande,CA,35.129,-120.598
Walmart Neighborhood Market,Santa Maria,CA,34.948,-120.453
Walmart,Santa Maria,CA,34.92,-120.42
Walmart Neighborhood Market,Santa Maria,CA,34.919,-120.419
Walmart Supercenter,Lompoc,CA,34.663,-120.465
Walmart,Paso Robles,CA,35.615,-120.681
Walmart Supercenter,Atwater,CA,37.34,-120.609
Walmart,Merced,CA,37.318,-120.502
Walmart Neighborhood Market,Turlock,CA,37.516,-120.847
Walmart,Turlock,CA,37.509,-120.873
Walmart Supercenter,Ceres,CA,37.583,-120.941
Walmart Supercenter,Los Banos,CA,37.056,-120.88
Walmart Neighborhood Market,Modesto,CA,37.664,-120.976
Walmart Supercenter,Patterson,CA,37.462,-121.143
Walmart Supercenter,Modesto,CA,37.694,-120.992
Walmart,Modesto,CA,37.673,-121.037
Walmart Supercenter,Bakersfield,CA,35.392,-118.961
Walmart Neighborhood Market,Bakersfield,CA,35.434,-119.022
Walmart Neighborhood Market,Bakersfield,CA,35.353,-118.948
Walmart Supercenter,Bakersfield,CA,35.386,-119.096
Walmart Supercenter,Bakersfield,CA,35.298,-119.029
Walmart Neighborhood Market,Bakersfield,CA,35.412,-119.113
Walmart Supercenter,Bakersfield,CA,35.31,-119.096
Walmart Neighborhood Market,Bakersfield,CA,35.37,-119.148
Walmart Supercenter,Wasco,CA,35.604,-119.359
Walmart Supercenter,Delano,CA,35.744,-119.248
Walmart Neighborhood Market,Upland,CA,34.107,-117.629
Walmart Supercenter,Burbank,CA,34.188,-118.326
Walmart Neighborhood Market,Hawthorne,CA,33.9,-118.362
Walmart Neighborhood Market,Torrance,CA,33.855,-118.353
Walmart Supercenter,Beaumont,CA,33.922,-116.951
Walmart Supercenter,San Jacinto,CA,33.767,-116.958
Walmart Supercenter,Moreno Valley,CA,33.936,-117.182
Walmart Supercenter,Hemet,CA,33.726,-117.009
Walmart Supercenter,Perris,CA,33.806,-117.229
Walmart Supercenter,Riverside,CA,33.938,-117.286
Walmart Supercenter,Lake Elsinore,CA,33.694,-117.335
Walmart Supercenter,Riverside,CA,33.937,-117.455
Walmart Neighborhood Market,Jurupa Valley,CA,33.974,-117.477
Walmart,Murrieta,CA,33.553,-117.193
Walmart Supercenter,Palm Springs,CA,33.816,-116.487
Walmart Supercenter,Corona,CA,33.89,-117.52
Walmart Supercenter,Temecula,CA,33.481,-117.095
Walmart Supercenter,Brawley,CA,32.962,-115.546
Walmart Supercenter,El Centro,CA,32.813,-115.577
Walmart Supercenter,Calexico,CA,32.697,-115.497
Walmart,Torrance,CA,33.828,-118.353
Walmart,Panorama City,CA,34.223,-118.45
Walmart Neighborhood Market,Panorama City,CA,34.234,-118.449
Walmart Supercenter,Porter Ranch,CA,34.275,-118.567
Walmart,West Hills,CA,34.188,-118.625
Walmart Supercenter,Santa Clarita,CA,34.414,-118.506
Walmart,Stevenson Ranch,CA,34.383,-118.569
Walmart Supercenter,Santa Clarita,CA,34.444,-118.576
Walmart Neighborhood Market,Simi Valley,CA,34.276,-118.708
Walmart,Simi Valley,CA,34.282,-118.792
Walmart Supercenter,Palmdale,CA,34.557,-118.084
Walmart Neighborhood Market,Palmdale,CA,34.614,-118.2
Walmart Supercenter,Palmdale,CA,34.612,-118.145
Walmart Neighborhood Market,Camarillo,CA,34.217,-119.075
Walmart Supercenter,Oxnard,CA,34.22,-119.161
Walmart Neighborhood Market,Thousand Oaks,CA,34.187,-118.911
Walmart Neighborhood Market,Oxnard,CA,34.237,-119.179
Walmart,Oxnard,CA,34.175,-119.18
Walmart,Ventura,CA,34.258,-119.213
Walmart Neighborhood Market,Jacksonville,FL,30.267,-81.851
Walmart,Jackson,CA,38.358,-120.806
Walmart Supercenter,Manteca,CA,37.785,-121.219
Walmart,Chico,CA,39.723,-121.805
Walmart Supercenter,Oroville,CA,39.491,-121.571
Walmart Supercenter,Willows,CA,39.526,-122.218
Walmart,Chula Vista,CA,32.652,-117.094
Walmart,Chula Vista,CA,32.607,-117.083
Walmart Supercenter,National City,CA,32.675,-117.099
Walmart Supercenter,Chula Vista,CA,32.638,-117.025
Walmart,San Diego,CA,32.587,-117.089
Walmart,San Diego,CA,32.581,-117.036
Walmart Supercenter,Chula Vista,CA,32.631,-116.968
Walmart Supercenter,San Diego,CA,32.742,-117.053
Walmart Neighborhood Market,La Mesa,CA,32.774,-117.008
Walmart,La Mesa,CA,32.778,-117.011
Walmart,San Diego,CA,32.805,-117.116
Walmart Neighborhood Market,El Cajon,CA,32.798,-116.937
Walmart,San Diego,CA,32.83,-117.165
Walmart,Santee,CA,32.842,-116.99
Walmart Supercenter,El Cajon,CA,32.823,-116.901
Walmart Supercenter,Poway,CA,32.957,-117.04
Walmart Supercenter,Encinitas,CA,33.069,-117.266
Walmart,Escondido,CA,33.13,-117.063
Walmart Neighborhood Market,Escondido,CA,33.131,-117.066
Walmart,San Marcos,CA,33.136,-117.124
Walmart,Clearlake,CA,38.931,-122.617
Walmart,Windsor,CA,38.529,-122.79
Walmart,Ukiah,CA,39.134,-123.197
Walmart Supercenter,Clovis,CA,36.839,-119.696
Walmart Supercenter,Clovis,CA,36.811,-119.717
Walmart Neighborhood Market,Clovis,CA,36.807,-119.681
Walmart Neighborhood Market,Fresno,CA,36.836,-119.731
Walmart Neighborhood Market,Fresno,CA,36.779,-119.756
Walmart Supercenter,Fresno,CA,36.792,-119.789
Walmart Supercenter,Fresno,CA,36.839,-119.803
Walmart Supercenter,Fresno,CA,36.736,-119.722
Walmart Supercenter,Fresno,CA,36.809,-119.864
Walmart Supercenter,Sanger,CA,36.706,-119.578
Walmart Supercenter,Selma,CA,36.577,-119.634
Walmart Supercenter,Kerman,CA,36.733,-120.044
Walmart,Madera,CA,36.976,-120.081
Walmart Supercenter,Dinuba,CA,36.543,-119.402
Walmart Supercenter,Hanford,CA,36.322,-119.676
Walmart Neighborhood Market,Coachella,CA,33.671,-116.216
Walmart Supercenter,Indio,CA,33.744,-116.285
Walmart Neighborhood Market,Indio,CA,33.728,-116.267
Walmart Supercenter,La Quinta,CA,33.704,-116.281
Walmart Neighborhood Market,Palm Desert,CA,33.728,-116.401
Walmart Supercenter,Palm Desert,CA,33.798,-116.385
Walmart Supercenter,Yucca Valley,CA,34.122,-116.421
Walmart Supercenter,Crescent City,CA,41.775,-124.19
Walmart,Porterville,CA,36.083,-119.045
Walmart,Tulare,CA,36.228,-119.328
Walmart Neighborhood Market,Visalia,CA,36.341,-119.33
Walmart Supercenter,Visalia,CA,36.324,-119.273
Walmart Supercenter,Visalia,CA,36.297,-119.311
Walmart Supercenter,Vista,CA,33.172,-117.217
Walmart Supercenter,Oceanside,CA,33.177,-117.298
Walmart Supercenter,Oceanside,CA,33.181,-117.347
Walmart Neighborhood Market,Oceanside,CA,33.199,-117.375
Walmart Supercenter,Oceanside,CA,33.241,-117.291
Walmart,San Clemente,CA,33.456,-117.606
Walmart,Eureka,CA,40.781,-124.19
Walmart Supercenter,Milpitas,CA,37.432,-121.921
Walmart Neighborhood Market,Santa Clara,CA,37.39,-121.986
Walmart Supercenter,Mountain View,CA,37.401,-122.108
Walmart Neighborhood Market,San Jose,CA,37.323,-121.973
Walmart Supercenter,San Jose,CA,37.331,-121.86
Walmart Neighborhood Market,San Jose,CA,37.316,-121.871
Walmart Neighborhood Market,San Jose,CA,37.314,-121.773
Walmart Supercenter,San Jose,CA,37.257,-121.876
Walmart Supercenter,Morgan Hill,CA,37.149,-121.655
Walmart Supercenter,Gilroy,CA,37.008,-121.551
Walmart Supercenter,Salinas,CA,36.718,-121.651
Walmart Supercenter,Salinas,CA,36.706,-121.668
Walmart Supercenter,Marina,CA,36.693,-121.801
Walmart Supercenter,Sonora,CA,37.972,-120.366
Walmart Supercenter,Lancaster,CA,34.694,-118.174
Walmart Supercenter,Lancaster,CA,34.693,-118.098
Walmart Supercenter,Tehachapi,CA,35.129,-118.466
Walmart Supercenter,Ridgecrest,CA,35.607,-117.667
Walmart,Susanville,CA,40.409,-120.638
Walmart Supercenter,Yreka,CA,41.699,-122.644
Walmart Supercenter,Alamosa,CO,37.482,-105.904
Walmart Supercenter,Arvada,CO,39.801,-105.103
Walmart Supercenter,Lakeside,CO,39.779,-105.062
Walmart Supercenter,Westminster,CO,39.825,-105.056
Walmart Supercenter,Lakewood,CO,39.742,-105.079
Walmart Supercenter,Westminster,CO,39.868,-105.057
Walmart Supercenter,Lakewood,CO,39.722,-105.08
Walmart Neighborhood Market,Thornton,CO,39.855,-104.975
Walmart Supercenter,Thornton,CO,39.876,-104.986
Walmart Supercenter,Broomfield,CO,39.917,-105.046
Walmart Neighborhood Market,Northglenn,CO,39.892,-104.977
Walmart Supercenter,Commerce City,CO,39.804,-104.928
Walmart Supercenter,Broomfield,CO,39.926,-105.136
Walmart Supercenter,Denver,CO,39.678,-105.021
Walmart Supercenter,Denver,CO,39.77,-104.898
Walmart Supercenter,Westminster,CO,39.941,-104.991
Walmart Supercenter,Englewood,CO,39.656,-104.995
Walmart Supercenter,Littleton,CO,39.637,-105.084
Walmart Supercenter,Brighton,CO,39.931,-104.906
Walmart Neighborhood Market,Denver,CO,39.691,-104.889
Walmart Supercenter,Littleton,CO,39.608,-105.151
Walmart Supercenter,Lafayette,CO,40.006,-105.105
Walmart Supercenter,Evergreen,CO,39.701,-105.327
Walmart Neighborhood Market,Denver,CO,39.786,-104.811
Walmart Supercenter,Denver,CO,39.652,-104.879
Walmart Supercenter,Aurora,CO,39.703,-104.826
Walmart Supercenter,Aurora,CO,39.762,-104.774
Walmart Neighborhood Market,Aurora,CO,39.673,-104.811
Walmart Supercenter,Brighton,CO,39.97,-104.824
Walmart Supercenter,Centennial,CO,39.591,-104.862
Walmart Supercenter,Highlands Ranch,CO,39.562,-104.911
Walmart Supercenter,Aurora,CO,39.614,-104.812
Walmart Neighborhood Market,Centennial,CO,39.626,-104.794
Walmart Neighborhood Market,Aurora,CO,39.64,-104.738
Walmart Supercenter,Aurora,CO,39.606,-104.705
Walmart Supercenter,Longmont,CO,40.158,-105.048
Walmart Supercenter,Parker,CO,39.514,-104.768
Walmart Supercenter,Longmont,CO,40.205,-105.1
Walmart Supercenter,Castle Rock,CO,39.406,-104.862
Walmart Supercenter,Elizabeth,CO,39.36,-104.624
Walmart Supercenter,Avon,CO,39.628,-106.501
Walmart,Frisco,CO,39.587,-106.096
Walmart Supercenter,Greeley,CO,40.386,-104.719
Walmart Supercenter,Greeley,CO,40.423,-104.755
Walmart Supercenter,Loveland,CO,40.404,-105.046
Walmart Supercenter,Canon City,CO,38.449,-105.192
Walmart Supercenter,Pueblo West,CO,38.336,-104.74
Walmart Supercenter,Fountain,CO,38.769,-104.782
Walmart Supercenter,Fountain,CO,38.74,-104.737
Walmart Supercenter,Colorado Springs,CO,38.824,-104.838
Walmart Supercenter,Pueblo,CO,38.233,-104.665
Walmart Supercenter,Pueblo,CO,38.314,-104.61
Walmart Supercenter,Monument,CO,39.067,-104.853
Walmart Supercenter,Colorado Springs,CO,38.95,-104.8
Walmart Supercenter,Woodland Park,CO,38.971,-105.038
Walmart Supercenter,Colorado Springs,CO,38.943,-104.725
Walmart Supercenter,Falcon,CO,38.939,-104.613
Walmart Neighborhood Market,Colorado Springs,CO,38.893,-104.756
Walmart Neighborhood Market,Colorado Springs,CO,38.858,-104.793
Walmart Supercenter,Colorado Springs,CO,38.837,-104.77
Walmart Neighborhood Market,Colorado Springs,CO,38.808,-104.758
Walmart Neighborhood Market,Colorado Springs,CO,38.843,-104.747
Walmart Supercenter,Colorado Springs,CO,38.855,-104.722
Walmart Supercenter,Cortez,CO,37.347,-108.562
Walmart Supercenter,Craig,CO,40.514,-107.57
Walmart Supercenter,Delta,CO,38.749,-108.051
Walmart Supercenter,Montrose,CO,38.449,-107.864
Walmart Neighborhood Market,Grand Junction,CO,39.086,-108.472
Walmart Supercenter,Grand Junction,CO,39.076,-108.537
Walmart Supercenter,Durango,CO,37.23,-107.866
Walmart Supercenter,Fort Collins,CO,40.586,-105.056
Walmart Supercenter,Fort Collins,CO,40.521,-105.08
Walmart Supercenter,Timnath,CO,40.527,-104.99
Walmart Supercenter,Loveland,CO,40.457,-105.081
Walmart Supercenter,Fort Morgan,CO,40.261,-103.77
Walmart Neighborhood Market,Pueblo,CO,38.22,-104.643
Walmart,Glenwood Springs,CO,39.522,-107.32
Walmart Supercenter,Rifle,CO,39.525,-107.768
Walmart Supercenter,Grand Junction,CO,39.076,-108.582
Walmart,Gunnison,CO,38.555,-106.925
Walmart Supercenter,La Junta,CO,37.998,-103.593
Walmart Supercenter,Lamar,CO,38.087,-102.602
Walmart Supercenter,Pagosa Springs,CO,37.26,-107.063
Walmart Supercenter,Salida,CO,38.525,-106.023
Walmart,Steamboat Springs,CO,40.462,-106.823
Walmart Supercenter,Sterling,CO,40.625,-103.238
Walmart Supercenter,Trinidad,CO,37.139,-104.523
Walmart,Avon,CT,41.811,-72.854
Walmart Supercenter,Hartford,CT,41.74,-72.714
Walmart,Bristol,CT,41.699,-72.895
Walmart,Newington,CT,41.663,-72.719
Walmart,Rocky Hill,CT,41.679,-72.657
Walmart,Torrington,CT,41.819,-73.078
Walmart,Southington,CT,41.621,-72.874
Walmart Supercenter,East Windsor,CT,41.919,-72.607
Walmart Supercenter,Manchester,CT,41.807,-72.538
Walmart Supercenter,Cromwell,CT,41.605,-72.712
Walmart,Waterbury,CT,41.566,-73.008
Walmart Supercenter,Westfield,MA,42.108,-72.708
Walmart Supercenter,Wallingford,CT,41.477,-72.811
Walmart Supercenter,Naugatuck,CT,41.471,-73.028
Walmart Supercenter,Springfield,MA,42.136,-72.507
Walmart Supercenter,Chicopee,MA,42.174,-72.576
Walmart,Hamden,CT,41.373,-72.918
Walmart Supercenter,New Haven,CT,41.32,-72.877
Walmart Supercenter,North Windham,CT,41.741,-72.174
Walmart,Branford,CT,41.281,-72.831
Walmart,West Haven,CT,41.27,-72.977
Walmart,Milford,CT,41.239,-73.031
Walmart,Shelton,CT,41.291,-73.113
Walmart,Stratford,CT,41.201,-73.118
Walmart,Old Saybrook,CT,41.297,-72.382
Walmart,Riverhead,NY,40.924,-72.712
Walmart,Middle Island,NY,40.88,-72.947
Walmart,East Setauket,NY,40.905,-73.072
Walmart Supercenter,Yaphank,NY,40.847,-72.898
Walmart,Centereach,NY,40.863,-73.081
Walmart,Danbury,CT,41.407,-73.417
Walmart,Norwalk,CT,41.159,-73.418
Walmart Supercenter,Waterford,CT,41.37,-72.155
Walmart,New Milford,CT,41.55,-73.419
Walmart Supercenter,Brooklyn,CT,41.797,-71.912
Walmart Supercenter,Putnam,CT,41.923,-71.889
Walmart Supercenter,Lisbon,CT,41.584,-71.99
Walmart,Norwich,CT,41.505,-72.123
Walmart Supercenter,Coventry,RI,41.663,-71.555
Walmart Supercenter,Cranston,RI,41.789,-71.499
Walmart,Sturbridge,MA,42.122,-72.059
Walmart,Warwick,RI,41.721,-71.482
Walmart Supercenter,Whitinsville,MA,42.107,-71.701
Walmart Supercenter,North Smithfield,RI,41.976,-71.505
Walmart Supercenter,North Oxford,MA,42.171,-71.879
Walmart Supercenter,North Kingstown,RI,41.586,-71.491
Walmart,Warwick,RI,41.753,-71.415
Walmart,Providence,RI,41.846,-71.416
Walmart,Groton,CT,41.37,-72.065
Walmart Supercenter,Westerly,RI,41.354,-71.767
Walmart Supercenter,Worcester,MA,42.233,-71.791
Walmart Supercenter,Leicester,MA,42.251,-71.935
Walmart,Seekonk,MA,41.795,-71.325
Walmart Supercenter,North Attleboro,MA,41.934,-71.35
Walmart,Bellingham,MA,42.115,-71.462
Walmart,Mohegan Lake,NY,41.311,-73.868
Walmart Supercenter,Fishkill,NY,41.531,-73.897
Walmart Supercenter,Newburgh,NY,41.501,-74.072
Walmart Supercenter,Ware,MA,42.238,-72.278
Walmart,Northampton,MA,42.342,-72.644
Walmart,Hadley,MA,42.355,-72.553
Walmart,Islandia,NY,40.804,-73.178
Walmart,Commack,NY,40.814,-73.29
Walmart Supercenter,Farmingdale,NY,40.727,-73.42
Walmart Neighborhood Market,Levittown,NY,40.726,-73.513
Walmart,Westbury,NY,40.743,-73.601
Walmart,East Meadow,NY,40.727,-73.544
Walmart,Uniondale,NY,40.696,-73.578
Walmart Supercenter,Northborough,MA,42.285,-71.656
Walmart,West Boylston,MA,42.355,-71.782
Walmart Supercenter,Washington,DC,38.962,-77.028
Walmart Supercenter,Washington,DC,38.959,-77.002
Walmart,Landover Hills,MD,38.943,-76.908
Walmart Supercenter,Alexandria,VA,38.78,-77.077
Walmart,Alexandria,VA,38.769,-77.136
Walmart Supercenter,Vienna,VA,38.93,-77.245
Walmart,Alexandria,VA,38.743,-77.087
Walmart,Clinton,MD,38.772,-76.889
Walmart,Burke,VA,38.789,-77.3
Walmart Supercenter,Fairfax,VA,38.85,-77.332
Walmart,Bowie,MD,38.936,-76.72
Walmart Supercenter,Laurel,MD,39.099,-76.803
Walmart Supercenter,Fairfax,VA,38.858,-77.395
Walmart,Waldorf,MD,38.639,-76.895
Walmart Supercenter,Chantilly,VA,38.889,-77.443
Walmart Supercenter,Sterling,VA,39.023,-77.429
Walmart Supercenter,Woodbridge,VA,38.649,-77.297
Walmart,Columbia,MD,39.196,-76.82
Walmart Supercenter,Germantown,MD,39.199,-77.245
Walmart,Hanover,MD,39.155,-76.733
Walmart,Dunkirk,MD,38.722,-76.657
Walmart Supercenter,Manassas,VA,38.753,-77.449
Walmart,La Plata,MD,38.551,-76.983
Walmart Supercenter,Dulles,VA,38.936,-77.523
Walmart Supercenter,Severn,MD,39.145,-76.65
Walmart Supercenter,Dumfries,VA,38.582,-77.308
Walmart Supercenter,Manassas,VA,38.774,-77.502
Walmart Supercenter,Ellicott City,MD,39.283,-76.821
Walmart Supercenter,Pasadena,MD,39.127,-76.588
Walmart,Catonsville,MD,39.283,-76.751
Walmart Supercenter,Glen Burnie,MD,39.19,-76.606
Walmart Supercenter,Leesburg,VA,39.08,-77.562
Walmart Supercenter,Arbutus,MD,39.248,-76.668
Walmart,Mount Airy,MD,39.367,-77.162
Walmart Supercenter,Haymarket,VA,38.818,-77.645
Walmart Supercenter,Sykesville,MD,39.399,-76.935
Walmart Supercenter,Randallstown,MD,39.366,-76.782
Walmart,Prince Frederick,MD,38.557,-76.595
Walmart Supercenter,Camden,DE,39.103,-75.546
Walmart Supercenter,Dover,DE,39.216,-75.57
Walmart Supercenter,Milford,DE,38.929,-75.435
Walmart Supercenter,Denton,MD,38.874,-75.822
Walmart Supercenter,Middletown,DE,39.446,-75.738
Walmart Supercenter,Georgetown,DE,38.703,-75.404
Walmart,Bridgeton,NJ,39.467,-75.208
Walmart Supercenter,Seaford,DE,38.661,-75.591
Walmart,Pennsville,NJ,39.612,-75.505
Walmart,Rehoboth Beach,DE,38.728,-75.132
Walmart,Millville,NJ,39.426,-75.038
Walmart Supercenter,Elkton,MD,39.603,-75.793
Walmart Supercenter,Vineland,NJ,39.489,-75.048
Walmart,New Castle,DE,39.654,-75.622
Walmart Supercenter,Salisbury,MD,38.418,-75.568
Walmart Supercenter,Berlin,MD,38.34,-75.162
Walmart Supercenter,Salisbury,MD,38.327,-75.615
Walmart Supercenter,North East,MD,39.61,-75.951
Walmart,Wilmington,DE,39.734,-75.619
Walmart Supercenter,Aberdeen,MD,39.495,-76.177
Walmart Supercenter,Oxford,PA,39.797,-75.979
Walmart Supercenter,Kennett Square,PA,39.861,-75.69
Walmart,Boothwyn,PA,39.852,-75.449
Walmart,Abingdon,MD,39.462,-76.315
Walmart,Eddystone,PA,39.864,-75.341
Walmart Supercenter,Rio Grande,NJ,39.021,-74.873
Walmart Supercenter,Springfield,PA,39.938,-75.354
Walmart,Glenolden,PA,39.907,-75.292
Walmart,Exton,PA,40.022,-75.633
Walmart Supercenter,Woodbury,NJ,39.833,-75.129
Walmart Supercenter,Deptford,NJ,39.843,-75.091
Walmart Supercenter,Turnersville,NJ,39.728,-75.035
Walmart Supercenter,Philadelphia,PA,39.926,-75.141
Walmart Supercenter,Parkesburg,PA,39.98,-75.934
Walmart,Audubon,NJ,39.892,-75.089
Walmart Supercenter,King of Prussia,PA,40.084,-75.399
Walmart Supercenter,Somerdale,NJ,39.855,-75.024
Walmart Supercenter,Williamstown,NJ,39.662,-74.961
Walmart Supercenter,Norristown,PA,40.128,-75.402
Walmart,Cherry Hill,NJ,39.939,-75.045
Walmart Supercenter,Philadelphia,PA,39.999,-75.092
Walmart Supercenter,Cambridge,MD,38.553,-76.053
Walmart,Easton,MD,38.773,-76.054
Walmart Supercenter,Casselberry,FL,28.635,-81.323
Walmart,Altamonte Springs,FL,28.659,-81.422
Walmart Neighborhood Market,Orlando,FL,28.605,-81.394
Walmart Neighborhood Market,Winter Springs,FL,28.648,-81.278
Walmart Neighborhood Market,Apopka,FL,28.672,-81.456
Walmart Supercenter,Apopka,FL,28.65,-81.469
Walmart Neighborhood Market,Orlando,FL,28.612,-81.454
Walmart Neighborhood Market,Orlando,FL,28.576,-81.309
Walmart Supercenter,Orlando,FL,28.57,-81.416
Walmart Supercenter,Oviedo,FL,28.617,-81.26
Walmart Supercenter,Sanford,FL,28.76,-81.282
Walmart Neighborhood Market,Lake Mary,FL,28.785,-81.304
Walmart Neighborhood Market,Orlando,FL,28.528,-81.417
Walmart Neighborhood Market,Orlando,FL,28.538,-81.276
Walmart Supercenter,Sanford,FL,28.803,-81.329
Walmart Neighborhood Market,Oviedo,FL,28.613,-81.209
Walmart Neighborhood Market,Orlando,FL,28.512,-81.375
Walmart Neighborhood Market,Orlando,FL,28.55,-81.491
Walmart Supercenter,Orlando,FL,28.566,-81.218
Walmart,Orlando,FL,28.505,-81.312
Walmart Supercenter,Orlando,FL,28.516,-81.462
Walmart Neighborhood Market,Orlando,FL,28.498,-81.312
Walmart Neighborhood Market,Orlando,FL,28.511,-81.259
Walmart Supercenter,Ocoee,FL,28.55,-81.533
Walmart Neighborhood Market,Orlando,FL,28.536,-81.209
Walmart Supercenter,Orlando,FL,28.475,-81.399
Walmart Supercenter,Orlando,FL,28.474,-81.287
Walmart Neighborhood Market,Orlando,FL,28.496,-81.507
Walmart Supercenter,Orlando,FL,28.447,-81.425
Walmart Neighborhood Market,Orlando,FL,28.537,-81.149
Clinic Pharmacy,Orlando,FL,28.433,-81.414
Clinic Pharmacy,Orlando,FL,28.428,-81.415
Walmart Supercenter,Orlando,FL,28.44,-81.477
Walmart Neighborhood Market,Debary,FL,28.899,-81.304
Walmart Supercenter,Orange City,FL,28.914,-81.279
Walmart Neighborhood Market,Deltona,FL,28.907,-81.245
Walmart Supercenter,Deltona,FL,28.87,-81.164
Walmart Neighborhood Market,Orlando,FL,28.383,-81.406
Walmart Supercenter,Orlando,FL,28.39,-81.248
Walmart Neighborhood Market,Orlando,FL,28.366,-81.364
Walmart Supercenter,Winter Garden,FL,28.477,-81.629
Walmart Supercenter,Mount Dora,FL,28.818,-81.673
Walmart Supercenter,Kissimmee,FL,28.343,-81.387
Walmart Neighborhood Market,Kissimmee,FL,28.342,-81.329
Walmart Supercenter,Kissimmee,FL,28.342,-81.487
Walmart Supercenter,Clermont,FL,28.53,-81.732
Walmart Neighborhood Market,Deland,FL,29.012,-81.302
Walmart Neighborhood Market,Kissimmee,FL,28.307,-81.435
Walmart Supercenter,Kissimmee,FL,28.302,-81.459
Walmart Supercenter,Kissimmee,FL,28.329,-81.59
Walmart Supercenter,Leesburg,FL,28.843,-81.897
Walmart Supercenter,Clermont,FL,28.355,-81.675
Walmart Supercenter,Arcadia,FL,27.207,-81.83
Walmart Supercenter,Port Charlotte,FL,27.024,-82.046
Walmart Neighborhood Market,Port Charlotte,FL,27.002,-82.126
Walmart Supercenter,Port Charlotte,FL,27.014,-82.14
Walmart Neighborhood Market,North Port,FL,27.07,-82.206
Walmart Supercenter,Punta Gorda,FL,26.893,-82.012
Walmart Supercenter,Wauchula,FL,27.568,-81.813
Walmart Supercenter,North Port,FL,27.033,-82.205
Walmart Supercenter,Sebring,FL,27.513,-81.495
Walmart Supercenter,Englewood,FL,26.933,-82.31
Walmart Supercenter,Avon Park,FL,27.609,-81.518
Walmart Supercenter,Auburndale,FL,28.06,-81.816
Walmart Supercenter,Winter Haven,FL,28.004,-81.724
Walmart Supercenter,Haines City,FL,28.126,-81.637
Walmart Supercenter,Winter Haven,FL,27.977,-81.649
Walmart Supercenter,Lakeland,FL,28.001,-81.959
Walmart Supercenter,Bartow,FL,27.907,-81.833
Walmart Supercenter,Lakeland,FL,28.12,-81.977
Walmart Supercenter,Mulberry,FL,27.933,-81.971
Walmart Supercenter,Lake Wales,FL,27.892,-81.553
Walmart Supercenter,Plant City,FL,27.986,-82.119
Walmart Supercenter,Kissimmee,FL,28.143,-81.448
Walmart Supercenter,Zephyrhills,FL,28.27,-82.191
Walmart Supercenter,Brandon,FL,27.938,-82.265
Walmart Supercenter,Valrico,FL,27.894,-82.249
Walmart,Dade City,FL,28.342,-82.186
Walmart Neighborhood Market,Brandon,FL,27.925,-82.27
Walmart Supercenter,Saint Cloud,FL,28.255,-81.316
Walmart,Seffner,FL,27.984,-82.301
Walmart Neighborhood Market,Saint Cloud,FL,28.223,-81.294
Walmart Supercenter,Brandon,FL,27.925,-82.325
Walmart Neighborhood Market,Riverview,FL,27.892,-82.32
Walmart Neighborhood Market,Riverview,FL,27.791,-82.339
Walmart Supercenter,Gibsonton,FL,27.848,-82.354
Walmart Supercenter,Wimauma,FL,27.715,-82.333
Walmart Neighborhood Market,Deerfield Beach,FL,26.303,-80.132
Walmart Supercenter,Boca Raton,FL,26.348,-80.201
Walmart Supercenter,Delray Beach,FL,26.436,-80.124
Walmart Neighborhood Market,Delray Beach,FL,26.426,-80.072
Walmart Supercenter,Pompano Beach,FL,26.293,-80.096
Walmart Supercenter,Coconut Creek,FL,26.319,-80.2
Walmart Supercenter,Coral Springs,FL,26.278,-80.203
Walmart Neighborhood Market,Boynton Beach,FL,26.489,-80.121
Walmart Neighborhood Market,Coral Springs,FL,26.288,-80.252
Walmart Supercenter,Boynton Beach,FL,26.493,-80.064
Walmart Supercenter,Pompano Beach,FL,26.228,-80.155
Walmart Supercenter,Margate,FL,26.238,-80.203
Walmart Supercenter,Coral Springs,FL,26.305,-80.277
Walmart Neighborhood Market,Pompano Beach,FL,26.216,-80.108
Walmart Neighborhood Market,Boynton Beach,FL,26.529,-80.12
Walmart Supercenter,Boynton Beach,FL,26.531,-80.094
Walmart Neighborhood Market,Coral Springs,FL,26.242,-80.267
Walmart Supercenter,North Lauderdale,FL,26.212,-80.214
Walmart Neighborhood Market,Tamarac,FL,26.209,-80.27
Walmart Supercenter,Lake Worth,FL,26.575,-80.114
Walmart Supercenter,Lauderdale Lakes,FL,26.163,-80.205
Walmart Neighborhood Market,Lake Worth,FL,26.588,-80.148
Walmart Supercenter,Sunrise,FL,26.168,-80.254
Walmart Supercenter,Fort Lauderdale,FL,26.121,-80.175
Walmart Neighborhood Market,Plantation,FL,26.148,-80.268
Walmart Neighborhood Market,Greenacres,FL,26.621,-80.147
Walmart Neighborhood Market,Lake Worth,FL,26.619,-80.207
Walmart Supercenter,Palm Springs,FL,26.629,-80.084
Walmart Supercenter,Sunrise,FL,26.146,-80.318
Walmart Supercenter,Greenacres,FL,26.649,-80.142
Walmart Neighborhood Market,Palm Springs Village,FL,26.65,-80.11
Walmart Supercenter,Davie,FL,26.067,-80.254
Walmart Supercenter,West Palm Beach,FL,26.694,-80.109
Walmart Supercenter,West Palm Beach,FL,26.689,-80.199
Walmart Neighborhood Market,Dania Beach,FL,26.035,-80.136
Walmart Neighborhood Market,West Palm Beach,FL,26.709,-80.15
Walmart Neighborhood Market,Hollywood,FL,26.043,-80.258
Walmart Supercenter,Cooper City,FL,26.062,-80.311
Walmart Supercenter,Hollywood,FL,26.008,-80.205
Walmart Supercenter,Hallandale Beach,FL,25.988,-80.124
Walmart Supercenter,Miramar,FL,25.994,-80.25
Walmart Supercenter,West Palm Beach,FL,26.762,-80.103
Walmart Supercenter,Pembroke Pines,FL,26.006,-80.318
Walmart Supercenter,Miami Gardens,FL,25.953,-80.244
Walmart Supercenter,Lake Park,FL,26.795,-80.088
Walmart Supercenter,Pembroke Pines,FL,26.006,-80.389
Walmart Supercenter,Miami Gardens,FL,25.936,-80.208
Walmart Supercenter,North Miami Beach,FL,25.926,-80.159
Walmart Neighborhood Market,Miami Gardens,FL,25.926,-80.262
Walmart Supercenter,Hialeah,FL,25.936,-80.296
Walmart Supercenter,Jupiter,FL,26.933,-80.128
Walmart Supercenter,Palmetto,FL,27.523,-82.559
Walmart Supercenter,Bradenton,FL,27.463,-82.615
Walmart Supercenter,Braden River,FL,27.449,-82.528
Walmart Supercenter,Bradenton,FL,27.496,-82.483
Walmart Neighborhood Market,Bradenton,FL,27.445,-82.504
Walmart Supercenter,Bradenton,FL,27.437,-82.457
Walmart Supercenter,Sarasota,FL,27.392,-82.507
Walmart Neighborhood Market,Sarasota,FL,27.367,-82.55
Walmart Neighborhood Market,Sarasota,FL,27.298,-82.498
Walmart Supercenter,Sarasota,FL,27.292,-82.45
Walmart Neighborhood Market,Sarasota,FL,27.267,-82.463
Walmart Supercenter,St Petersburg,FL,27.736,-82.68
Walmart Supercenter,St Petersburg,FL,27.774,-82.68
Walmart Supercenter,Apollo Beach,FL,27.75,-82.408
Walmart Neighborhood Market,Pasadena,FL,27.757,-82.734
Walmart Supercenter,Osprey,FL,27.193,-82.486
Walmart Supercenter,Pinellas Park,FL,27.845,-82.685
Walmart Supercenter,St Petersburg,FL,27.816,-82.781
Walmart Neighborhood Market,Pinellas Park,FL,27.84,-82.73
Walmart Supercenter,Tampa,FL,27.891,-82.516
Walmart Neighborhood Market,Largo,FL,27.893,-82.764
Walmart Supercenter,Largo,FL,27.914,-82.727
Walmart Neighborhood Market,Largo,FL,27.882,-82.83
Walmart Neighborhood Market,Tampa,FL,27.946,-82.476
Walmart Supercenter,Tampa,FL,27.957,-82.502
Walmart Supercenter,Largo,FL,27.927,-82.786
Walmart Supercenter,Venice,FL,27.048,-82.396
Walmart Neighborhood Market,Clearwater,FL,27.959,-82.748
Walmart Neighborhood Market,Tampa,FL,27.997,-82.503
Walmart Supercenter,Clearwater,FL,27.983,-82.733
Walmart Supercenter,Tampa,FL,27.997,-82.44
Walmart Supercenter,Tampa,FL,28.068,-82.428
Walmart Neighborhood Market,Tampa,FL,28.032,-82.458
Walmart Supercenter,Tampa,FL,28.09,-82.453
Walmart Supercenter,Tampa,FL,28.023,-82.507
Walmart Supercenter,Tampa,FL,28.155,-82.357
Walmart Neighborhood Market,Tampa,FL,28.05,-82.518
Walmart,Tampa,FL,28.086,-82.503
Walmart,Tampa,FL,28.027,-82.559
Walmart Supercenter,Tampa,FL,28.062,-82.552
Walmart Supercenter,Lutz,FL,28.182,-82.466
Walmart Neighborhood Market,Tampa,FL,28.006,-82.599
Walmart Supercenter,Wesley Chapel,FL,28.235,-82.344
Walmart Supercenter,Oldsmar,FL,28.044,-82.674
Walmart Neighborhood Market,Palm Harbor,FL,28.06,-82.708
Walmart Neighborhood Market,Dunedin,FL,28.02,-82.751
Walmart Supercenter,New Port Richey,FL,28.207,-82.669
Walmart Supercenter,Palm Harbor,FL,28.095,-82.741
Walmart Neighborhood Market,Clearwater,FL,27.987,-82.774
Walmart Supercenter,Brooksville,FL,28.537,-82.407
Walmart Supercenter,Brooksville,FL,28.531,-82.506
Walmart Neighborhood Market,Spring Hill,FL,28.477,-82.486
Walmart Supercenter,Spring Hill,FL,28.458,-82.631
Walmart Supercenter,Bushnell,FL,28.666,-82.139
Walmart Supercenter,Homosassa,FL,28.763,-82.55
Walmart Supercenter,Inverness,FL,28.858,-82.393
Walmart Supercenter,Hudson,FL,28.34,-82.697
Walmart Supercenter,Lecanto,FL,28.891,-82.487
Walmart Neighborhood Market,New Port Richey,FL,28.288,-82.677
Walmart Supercenter,Port Richey,FL,28.329,-82.699
Walmart Supercenter,The Villages,FL,28.858,-81.943
Walmart Neighborhood Market,The Villages,FL,28.864,-81.955
Walmart Supercenter,The Villages,FL,28.93,-82.031
Walmart Neighborhood Market,Lady Lake,FL,28.916,-81.933
Walmart Supercenter,Summerfield,FL,28.962,-81.965
Walmart Supercenter,Ocala,FL,29.056,-82.277
Walmart Neighborhood Market,Ocala,FL,29.087,-82.251
Walmart Supercenter,Ocala,FL,29.119,-82.023
Walmart Supercenter,Ocala,FL,29.158,-82.166
Walmart Neighborhood Market,Ocala,FL,29.159,-82.089
Walmart Supercenter,Dunnellon,FL,29.063,-82.456
Walmart Supercenter,Callaway,FL,30.162,-85.593
Walmart Supercenter,Panama City,FL,30.188,-85.668
Walmart Supercenter,Lynn Haven,FL,30.227,-85.649
Walmart Supercenter,Panama City Beach,FL,30.178,-85.804
Walmart Supercenter,Panama City Beach,FL,30.218,-85.866
Walmart Neighborhood Market,Santa Rosa Beach,FL,30.345,-86.072
Walmart Supercenter,Cape Coral,FL,26.621,-81.937
Walmart Neighborhood Market,Cape Coral,FL,26.65,-81.985
Walmart Neighborhood Market,Cape Coral,FL,26.672,-81.929
Walmart Neighborhood Market,Cape Coral,FL,26.579,-81.992
Walmart Supercenter,North Fort Myers,FL,26.68,-81.898
Walmart Neighborhood Market,Fort Myers,FL,26.555,-81.907
Walmart Supercenter,Fort Myers,FL,26.613,-81.814
Walmart Supercenter,Fort Myers,FL,26.525,-81.869
Walmart Supercenter,Fort Myers Beach,FL,26.492,-81.943
Walmart Supercenter,Estero,FL,26.451,-81.817
Walmart Supercenter,Lehigh Acres,FL,26.617,-81.669
Walmart Supercenter,Naples,FL,26.274,-81.803
Walmart Supercenter,Naples,FL,26.271,-81.746
Walmart Supercenter,Labelle,FL,26.761,-81.445
Walmart Neighborhood Market,Naples,FL,26.207,-81.766
Walmart Supercenter,Deland,FL,29.062,-81.302
Walmart Supercenter,Chiefland,FL,29.502,-82.868
Walmart Supercenter,Gainesville,FL,29.626,-82.387
Walmart Supercenter,Gainesville,FL,29.709,-82.356
Walmart Supercenter,Marianna,FL,30.729,-85.186
Walmart Supercenter,Tarpon Springs,FL,28.147,-82.743
Walmart Supercenter,Clewiston,FL,26.756,-80.949
Walmart Supercenter,Okeechobee,FL,27.222,-80.828
Walmart Supercenter,Cocoa,FL,28.395,-80.754
Walmart Supercenter,Merritt Island,FL,28.359,-80.668
Walmart Supercenter,Melbourne,FL,28.233,-80.724
Walmart Supercenter,Titusville,FL,28.555,-80.843
Walmart Neighborhood Market,Melbourne,FL,28.171,-80.674
Walmart Supercenter,Melbourne,FL,28.123,-80.674
Walmart,Melbourne,FL,28.128,-80.635
Walmart Neighborhood Market,Melbourne,FL,28.055,-80.623
Walmart Supercenter,West Melbourne,FL,28.038,-80.648
Walmart Supercenter,Palm Bay,FL,27.997,-80.641
Walmart Neighborhood Market,Hialeah,FL,25.867,-80.291
Walmart Neighborhood Market,Hialeah Gardens,FL,25.881,-80.352
Walmart Supercenter,Miami,FL,25.844,-80.251
Walmart Supercenter,Hialeah,FL,25.858,-80.325
Walmart Supercenter,Doral,FL,25.787,-80.335
Walmart Supercenter,Miami,FL,25.77,-80.344
Walmart Neighborhood Market,Miami,FL,25.764,-80.308
Walmart Supercenter,Miami,FL,25.746,-80.333
Walmart Neighborhood Market,Miami,FL,25.742,-80.433
Walmart Supercenter,Kendall,FL,25.685,-80.449
Walmart Supercenter,Miami,FL,25.624,-80.396
Walmart Supercenter,Miami,FL,25.571,-80.376
Walmart Supercenter,Crawfordville,FL,30.217,-84.36
Walmart Supercenter,Tallahassee,FL,30.462,-84.359
Walmart Supercenter,Tallahassee,FL,30.426,-84.215
Walmart Supercenter,Tallahassee,FL,30.461,-84.217
Walmart Supercenter,Tallahassee,FL,30.489,-84.318
Walmart Supercenter,Tallahassee,FL,30.545,-84.229
Walmart Supercenter,Quincy,FL,30.557,-84.595
Walmart Supercenter,Crestview,FL,30.728,-86.565
Walmart Supercenter,Niceville,FL,30.517,-86.461
Walmart Supercenter,Fort Walton Beach,FL,30.441,-86.641
Walmart Supercenter,Destin,FL,30.388,-86.449
Walmart Supercenter,Navarre,FL,30.412,-86.831
Walmart Supercenter,Santa Rosa Beach,FL,30.377,-86.289
Walmart Neighborhood Market,Navarre,FL,30.403,-86.915
Walmart Supercenter,Daytona Beach,FL,29.172,-81.03
Walmart Neighborhood Market,Holly Hill,FL,29.249,-81.067
Walmart Neighborhood Market,Port Orange,FL,29.142,-81.034
Walmart Supercenter,Port Orange,FL,29.117,-81.019
Walmart Supercenter,Ormond Beach,FL,29.259,-81.115
Walmart Supercenter,New Smyrna Beach,FL,29.013,-81.007
Walmart Supercenter,Palm Coast,FL,29.55,-81.225
Walmart Neighborhood Market,Naranja,FL,25.518,-80.423
Walmart Supercenter,Homestead,FL,25.497,-80.412
Walmart Neighborhood Market,Homestead,FL,25.484,-80.46
Walmart Supercenter,Florida City,FL,25.458,-80.473
Walmart Supercenter,Ocala,FL,29.21,-82.064
Walmart Supercenter,Naples,FL,26.149,-81.689
Walmart,Naples,FL,26.125,-81.763
Walmart Supercenter,Naples,FL,26.058,-81.697
Walmart,Fernandina Beach,FL,30.647,-81.456
Walmart Supercenter,Yulee,FL,30.622,-81.534
Walmart Supercenter,Saint Marys,GA,30.777,-81.62
Walmart Supercenter,Jacksonville,FL,30.477,-81.639
Walmart Supercenter,Jacksonville,FL,30.451,-81.707
Walmart Neighborhood Market,Jacksonville,FL,30.354,-81.562
Walmart Supercenter,Jacksonville,FL,30.342,-81.546
Walmart Neighborhood Market,Jacksonville,FL,30.319,-81.451
Walmart Supercenter,Jacksonville,FL,30.317,-81.492
Walmart Supercenter,Jacksonville,FL,30.285,-81.463
Walmart Supercenter,Jacksonville,FL,30.284,-81.563
Walmart Supercenter,Jacksonville,FL,30.28,-81.629
Walmart Supercenter,Jacksonville,FL,30.302,-81.761
Walmart Neighborhood Market,Jacksonville,FL,30.219,-81.559
Walmart Neighborhood Market,Jacksonville,FL,30.271,-81.758
Walmart Supercenter,Jacksonville,FL,30.248,-81.766
Walmart Supercenter,Jacksonville,FL,30.179,-81.556
Walmart Neighborhood Market,Jacksonville,FL,30.184,-81.61
Walmart Supercenter,Fort Pierce,FL,27.421,-80.378
Walmart Neighborhood Market,Port St Lucie,FL,27.317,-80.381
Walmart Supercenter,Port St Lucie,FL,27.315,-80.402
Walmart Supercenter,Port Saint Lucie,FL,27.265,-80.287
Walmart Neighborhood Market,Vero Beach,FL,27.633,-80.388
Walmart Supercenter,Port St Lucie,FL,27.262,-80.405
Walmart Neighborhood Market,Port Saint Lucie,FL,27.253,-80.375
Walmart Supercenter,Vero Beach,FL,27.637,-80.443
Walmart Supercenter,Stuart,FL,27.157,-80.218
Walmart Supercenter,Sebastian,FL,27.829,-80.482
Walmart Neighborhood Market,Fruit Cove,FL,30.12,-81.624
Walmart Supercenter,Orange Park,FL,30.099,-81.707
Walmart Supercenter,Jacksonville,FL,30.177,-81.626
Walmart Supercenter,Saint Johns,FL,30.094,-81.521
Walmart Supercenter,Orange Park,FL,30.138,-81.769
Walmart Neighborhood Market,Middleburg,FL,30.101,-81.774
Walmart Supercenter,Jacksonville,FL,30.207,-81.76
Walmart Supercenter,Middleburg,FL,30.107,-81.833
Walmart Supercenter,Jacksonville,FL,30.193,-81.84
Walmart Supercenter,St Augustine,FL,29.856,-81.325
Walmart Supercenter,Macclenny,FL,30.263,-82.109
Walmart Supercenter,Starke,FL,29.922,-82.13
Walmart Supercenter,Palatka,FL,29.638,-81.681
Walmart Supercenter,Gainesville,FL,29.664,-82.301
Walmart Supercenter,Lake City,FL,30.181,-82.678
Walmart Supercenter,Live Oak,FL,30.324,-82.964
Walmart Supercenter,Perry,FL,30.102,-83.58
Walmart Supercenter,Bainbridge,GA,30.89,-84.571
Walmart Supercenter,Cairo,GA,30.887,-84.204
Walmart Supercenter,Acworth,GA,34.048,-84.698
Walmart Supercenter,Kennesaw,GA,34.028,-84.658
Walmart Supercenter,Woodstock,GA,34.113,-84.585
Walmart Supercenter,Marietta,GA,34.019,-84.554
Walmart Supercenter,Dallas,GA,33.935,-84.731
Walmart Supercenter,Woodstock,GA,34.087,-84.481
Walmart Supercenter,Cartersville,GA,34.203,-84.788
Walmart Supercenter,Marietta,GA,33.946,-84.521
Walmart Supercenter,Holly Springs,GA,34.185,-84.504
Walmart Supercenter,Hiram,GA,33.891,-84.759
Walmart Neighborhood Market,Marietta,GA,33.882,-84.587
Walmart Supercenter,Marietta,GA,33.868,-84.636
Walmart Supercenter,Marietta,GA,34.023,-84.423
Walmart Supercenter,Marietta,GA,33.909,-84.491
Walmart Supercenter,Austell,GA,33.856,-84.587
Walmart Supercenter,Canton,GA,34.255,-84.461
Walmart Supercenter,Roswell,GA,34.045,-84.334
Walmart Supercenter,Rockmart,GA,34.01,-85.031
Walmart Supercenter,Lithia Springs,GA,33.775,-84.601
Walmart Supercenter,Alpharetta,GA,34.094,-84.275
Walmart Supercenter,Douglasville,GA,33.733,-84.757
Walmart Supercenter,Chamblee,GA,33.889,-84.311
Walmart Neighborhood Market,Dunwoody,GA,33.943,-84.269
Walmart Supercenter,Alpharetta,GA,34.15,-84.249
Walmart Supercenter,Atlanta,GA,33.728,-84.508
Walmart Neighborhood Market,Atlanta,GA,33.756,-84.414
Walmart Supercenter,Villa Rica,GA,33.72,-84.935
Walmart Supercenter,Cumming,GA,34.1,-84.174
Walmart Neighborhood Market,Tucker,GA,33.884,-84.219
Walmart Supercenter,Decatur,GA,33.792,-84.288
Walmart Supercenter,Norcross,GA,33.895,-84.194
Walmart Supercenter,East Point,GA,33.679,-84.417
Walmart Supercenter,Tucker,GA,33.856,-84.205
Walmart Supercenter,Duluth,GA,33.97,-84.15
Walmart Supercenter,Jasper,GA,34.476,-84.46
Walmart Supercenter,Decatur,GA,33.757,-84.268
Walmart Supercenter,Atlanta,GA,33.719,-84.312
Clinic Pharmacy,Atlanta,GA,33.657,-84.424
Walmart Supercenter,Cumming,GA,34.184,-84.13
Walmart Supercenter,Calhoun,GA,34.479,-84.945
Walmart Supercenter,Stone Mountain,GA,33.797,-84.223
Walmart Supercenter,Lilburn,GA,33.903,-84.111
Walmart Supercenter,Union City,GA,33.568,-84.543
Walmart Supercenter,Adel,GA,31.133,-83.44
Walmart Neighborhood Market,Valdosta,GA,30.916,-83.257
Walmart Supercenter,Valdosta,GA,30.881,-83.288
Walmart Supercenter,Moultrie,GA,31.171,-83.761
Walmart Supercenter,Tifton,GA,31.442,-83.543
Walmart Supercenter,Valdosta,GA,30.826,-83.319
Walmart Neighborhood Market,Tifton,GA,31.471,-83.504
Walmart Neighborhood Market,Albany,GA,31.613,-84.174
Walmart Supercenter,Albany,GA,31.579,-84.087
Walmart Neighborhood Market,Albany,GA,31.585,-84.219
Walmart Supercenter,Albany,GA,31.625,-84.214
Walmart Supercenter,Sylvester,GA,31.526,-83.812
Walmart Supercenter,Camilla,GA,31.226,-84.2
Walmart Supercenter,Americus,GA,32.06,-84.202
Walmart Supercenter,Suwanee,GA,34.036,-84.05
Walmart Neighborhood Market,Lawrenceville,GA,33.922,-84.086
Walmart Supercenter,Buford,GA,34.088,-83.989
Walmart Supercenter,Cumming,GA,34.267,-84.092
Walmart Supercenter,Lawrenceville,GA,33.937,-84.025
Walmart Supercenter,Lawrenceville,GA,33.972,-83.995
Walmart Supercenter,Stone Mountain,GA,33.825,-84.126
Walmart Supercenter,Snellville,GA,33.886,-84.008
Walmart Supercenter,Buford,GA,34.078,-83.922
Walmart Neighborhood Market,Snellville,GA,33.853,-84.034
Walmart Supercenter,Snellville,GA,33.808,-84.046
Walmart Supercenter,Dawsonville,GA,34.355,-84.042
Walmart Supercenter,Oakwood,GA,34.232,-83.874
Walmart Supercenter,Lithonia,GA,33.7,-84.168
Walmart Supercenter,Loganville,GA,33.84,-83.911
Walmart Neighborhood Market,Gainesville,GA,34.28,-83.875
Walmart Supercenter,Cordele,GA,31.964,-83.761
Walmart Neighborhood Market,Athens,GA,33.943,-83.444
Walmart Supercenter,Athens,GA,33.934,-83.309
Walmart Supercenter,Athens,GA,33.92,-83.445
Walmart Supercenter,Commerce,GA,34.247,-83.457
Walmart Supercenter,Winder,GA,33.99,-83.757
Walmart Supercenter,Monroe,GA,33.798,-83.743
Walmart Supercenter,Madison,GA,33.566,-83.48
Walmart,Elberton,GA,34.092,-82.845
Walmart Supercenter,Ellenwood,GA,33.636,-84.294
Walmart Supercenter,Morrow,GA,33.589,-84.34
Walmart Supercenter,College Park,GA,33.586,-84.47
Walmart Supercenter,Riverdale,GA,33.562,-84.415
Walmart Supercenter,Stockbridge,GA,33.553,-84.256
Walmart Supercenter,Lithonia,GA,33.695,-84.085
Walmart Supercenter,Fayetteville,GA,33.481,-84.443
Walmart Supercenter,Stockbridge,GA,33.507,-84.236
Walmart Supercenter,Hampton,GA,33.444,-84.324
Walmart Supercenter,Conyers,GA,33.653,-83.997
Walmart Supercenter,Mcdonough,GA,33.432,-84.184
Walmart Pickup,Hampton,GA,33.384,-84.313
Walmart Supercenter,Augusta,GA,33.467,-82.07
Walmart Supercenter,Augusta,GA,33.424,-82.063
Walmart Supercenter,Augusta,GA,33.505,-82.089
Walmart Supercenter,North Augusta,SC,33.501,-81.957
Walmart Neighborhood Market,Augusta,GA,33.494,-82.136
Walmart Neighborhood Market,Martinez,GA,33.551,-82.088
Walmart Neighborhood Market,Hephzibah,GA,33.379,-82.073
Walmart Supercenter,Evans,GA,33.546,-82.142
Walmart Supercenter,North Augusta,SC,33.574,-81.938
Walmart Supercenter,Grovetown,GA,33.482,-82.196
Walmart Neighborhood Market,Grovetown,GA,33.454,-82.206
Walmart Supercenter,Aiken,SC,33.561,-81.767
Walmart Supercenter,Aiken,SC,33.518,-81.719
Walmart Supercenter,Waynesboro,GA,33.108,-82.025
Walmart Supercenter,Thomson,GA,33.473,-82.481
Walmart Supercenter,Peachtree City,GA,33.402,-84.599
Walmart Supercenter,Newnan,GA,33.394,-84.744
Walmart Supercenter,Bremen,GA,33.708,-85.163
Walmart Supercenter,Baxley,GA,31.784,-82.363
Walmart Supercenter,Hazlehurst,GA,31.864,-82.587
Walmart Supercenter,Vidalia,GA,32.206,-82.376
Walmart Supercenter,Jesup,GA,31.616,-81.874
Walmart Supercenter,Blairsville,GA,34.864,-83.998
Walmart Supercenter,Murphy,NC,35.098,-84.033
Walmart Supercenter,Blue Ridge,GA,34.877,-84.325
Walmart Supercenter,Dahlonega,GA,34.539,-83.972
Walmart Supercenter,Cleveland,GA,34.578,-83.759
Walmart Supercenter,Clayton,GA,34.859,-83.405
Walmart Supercenter,East Ellijay,GA,34.656,-84.488
Walmart Supercenter,Cornelia,GA,34.538,-83.535
Walmart Supercenter,Dalton,GA,34.767,-84.93
Walmart Neighborhood Market,Brunswick,GA,31.194,-81.487
Walmart Supercenter,Brunswick,GA,31.214,-81.487
Walmart Supercenter,Gainesville,GA,34.291,-83.846
Walmart Neighborhood Market,Gainesville,GA,34.322,-83.835
Walmart Supercenter,Thomasville,GA,30.86,-83.945
Walmart Neighborhood Market,Dalton,GA,34.762,-84.969
Walmart Supercenter,Dalton,GA,34.787,-84.998
Walmart Supercenter,Fort Oglethorpe,GA,34.939,-85.216
Walmart Supercenter,Franklin,NC,35.166,-83.365
Walmart Supercenter,Eastanollee,GA,34.55,-83.282
Walmart Supercenter,Seneca,SC,34.687,-82.998
Walmart Supercenter,Cochran,GA,32.4,-83.336
Walmart Supercenter,Eastman,GA,32.179,-83.178
Walmart Supercenter,Warner Robins,GA,32.59,-83.612
Walmart Supercenter,Perry,GA,32.473,-83.739
Walmart Neighborhood Market,Warner Robins,GA,32.606,-83.579
Walmart Neighborhood Market,Warner Robins,GA,32.58,-83.696
Walmart Supercenter,Warner Robins,GA,32.621,-83.674
Walmart Supercenter,Dublin,GA,32.55,-82.972
Walmart Supercenter,Griffin,GA,33.273,-84.296
Walmart Supercenter,Locust Grove,GA,33.358,-84.121
Walmart Supercenter,Hartwell,GA,34.35,-82.901
Walmart Supercenter,Covington,GA,33.577,-83.96
Walmart Supercenter,Covington,GA,33.611,-83.829
Walmart Supercenter,Eatonton,GA,33.295,-83.388
Walmart Neighborhood Market,Chattanooga,TN,35.004,-85.15
Walmart Neighborhood Market,Fort Oglethorpe,GA,34.955,-85.245
Walmart Supercenter,Chattanooga,TN,35.032,-85.15
Walmart Supercenter,Chattanooga,TN,35.008,-85.205
Walmart Neighborhood Market,East Ridge,TN,34.996,-85.245
Walmart Supercenter,Ooltewah,TN,35.081,-85.063
Walmart Supercenter,Cleveland,TN,35.128,-84.867
Walmart Supercenter,Chattanooga,TN,35.016,-85.377
Walmart Neighborhood Market,Chattanooga,TN,35.115,-85.263
Walmart Supercenter,Chattanooga,TN,35.094,-85.332
Walmart Supercenter,Cleveland,TN,35.202,-84.849
Walmart Supercenter,Hixson,TN,35.153,-85.246
Walmart Neighborhood Market,Hixson,TN,35.187,-85.19
Walmart Supercenter,Soddy Daisy,TN,35.234,-85.199
Walmart Supercenter,Douglas,GA,31.485,-82.848
Walmart Supercenter,Fitzgerald,GA,31.691,-83.247
Walmart Supercenter,Sandersville,GA,32.952,-82.812
Walmart Supercenter,Swainsboro,GA,32.588,-82.326
Walmart Neighborhood Market,Clemson,SC,34.697,-82.801
Walmart Supercenter,Central,SC,34.706,-82.762
Walmart Supercenter,Anderson,SC,34.554,-82.679
Walmart Supercenter,Anderson,SC,34.488,-82.678
Walmart Supercenter,Milledgeville,GA,33.118,-83.264
Walmart Supercenter,Macon,GA,32.863,-83.611
Walmart Neighborhood Market,Anderson,SC,34.545,-82.633
Walmart Supercenter,Forsyth,GA,33.04,-83.941
Walmart Supercenter,Macon,GA,32.882,-83.76
Walmart Supercenter,Macon,GA,32.809,-83.718
Walmart Supercenter,Thomaston,GA,32.913,-84.333
Walmart Supercenter,Dunlap,TN,35.386,-85.382
Walmart Supercenter,Hinesville,GA,31.826,-81.601
Walmart Neighborhood Market,Hinesville,GA,31.797,-81.606
Walmart Neighborhood Market,Hinesville,GA,31.851,-81.579
Walmart Supercenter,Savannah,GA,32.0,-81.257
Walmart Supercenter,Savannah,GA,31.981,-81.173
Walmart Neighborhood Market,Savannah,GA,31.984,-81.132
Walmart Supercenter,Pooler,GA,32.144,-81.243
Walmart Supercenter,Savannah,GA,31.987,-81.082
Walmart Supercenter,Rincon,GA,32.275,-81.226
Walmart,Savannah,GA,32.044,-81.006
Walmart Supercenter,Hardeeville,SC,32.311,-80.978
Walmart Supercenter,Bluffton,SC,32.26,-80.854
Walmart Supercenter,Hilton Head Island,SC,32.212,-80.729
Walmart Supercenter,Beaufort,SC,32.425,-80.734
Walmart Supercenter,Statesboro,GA,32.434,-81.76
Walmart Neighborhood Market,Statesboro,GA,32.411,-81.769
Walmart Pickup,Statesboro,GA,32.41,-81.784
Walmart Supercenter,Beaufort,SC,32.408,-80.633
Walmart Neighborhood Market,Waycross,GA,31.22,-82.347
Walmart Supercenter,Waycross,GA,31.198,-82.321
Walmart,Hilo,HI,19.7,-155.062
Walmart,Honolulu,HI,21.295,-157.843
Walmart,Pearl City,HI,21.397,-157.975
Walmart,Waipahu,HI,21.391,-158.035
Walmart,Mililani,HI,21.45,-158.006
Walmart,Kapolei,HI,21.342,-158.075
Walmart,Kahului,HI,20.878,-156.455
Walmart,Kailua Kona,HI,19.646,-155.991
Walmart,Lihue,HI,21.983,-159.367
Walmart Supercenter,Altoona,IA,41.647,-93.505
Walmart Supercenter,Ankeny,IA,41.705,-93.585
Walmart Supercenter,Des Moines,IA,41.537,-93.594
Walmart Supercenter,Windsor Heights,IA,41.597,-93.714
Walmart Supercenter,Grimes,IA,41.686,-93.771
Walmart Supercenter,West Des Moines,IA,41.558,-93.798
Walmart Supercenter,Indianola,IA,41.374,-93.558
Walmart Supercenter,Newton,IA,41.697,-93.012
Walmart Supercenter,Ames,IA,42.016,-93.607
Walmart Supercenter,Ames,IA,42.053,-93.622
Walmart Supercenter,Knoxville,IA,41.306,-93.106
Walmart Supercenter,Pella,IA,41.413,-92.934
Walmart Supercenter,Boone,IA,42.036,-93.87
Walmart Supercenter,Anamosa,IA,42.102,-91.265
Walmart Supercenter,Marion,IA,42.033,-91.553
Walmart Supercenter,Cedar Rapids,IA,42.032,-91.682
Walmart,Tipton,IA,41.783,-91.126
Walmart Supercenter,Cedar Rapids,IA,41.947,-91.719
Walmart Supercenter,Manchester,IA,42.482,-91.478
Walmart Supercenter,Maquoketa,IA,42.049,-90.663
Walmart Supercenter,Coralville,IA,41.697,-91.613
Walmart Supercenter,Iowa City,IA,41.644,-91.551
Walmart Supercenter,Atlantic,IA,41.402,-94.987
Walmart Supercenter,Fort Dodge,IA,42.505,-94.153
Walmart Supercenter,Carroll,IA,42.081,-94.893
Walmart Supercenter,Denison,IA,42.025,-95.369
Walmart Supercenter,Cedar Falls,IA,42.487,-92.44
Walmart Supercenter,Waterloo,IA,42.458,-92.331
Walmart Supercenter,Waverly,IA,42.702,-92.48
Walmart Supercenter,Independence,IA,42.452,-91.893
Walmart Supercenter,Centerville,IA,40.709,-92.866
Walmart Supercenter,Ottumwa,IA,41.013,-92.456
Walmart Supercenter,Clinton,IA,41.819,-90.243
Walmart Supercenter,Davenport,IA,41.581,-90.524
Walmart,Rock Falls,IL,41.763,-89.687
Walmart Supercenter,Silvis,IL,41.503,-90.403
Walmart Supercenter,Sterling,IL,41.816,-89.645
Walmart,Geneseo,IL,41.433,-90.155
Walmart Supercenter,Davenport,IA,41.557,-90.623
Walmart Supercenter,Moline,IL,41.469,-90.481
Walmart Supercenter,Washington,IA,41.296,-91.662
Walmart Supercenter,Muscatine,IA,41.458,-91.025
Walmart Supercenter,Council Bluffs,IA,41.28,-95.868
Walmart Supercenter,Council Bluffs,IA,41.228,-95.847
Walmart Neighborhood Market,Omaha,NE,41.263,-95.981
Walmart Supercenter,Omaha,NE,41.302,-95.992
Walmart Neighborhood Market,Omaha,NE,41.212,-95.993
Walmart Supercenter,Bellevue,NE,41.156,-95.937
Walmart Supercenter,Omaha,NE,41.244,-96.025
Walmart Neighborhood Market,Omaha,NE,41.281,-96.052
Walmart Supercenter,Papillion,NE,41.175,-96.021
Walmart Neighborhood Market,Bellevue,NE,41.116,-95.943
Walmart Supercenter,Omaha,NE,41.315,-96.068
Walmart Neighborhood Market,La Vista,NE,41.178,-96.06
Walmart Neighborhood Market,Omaha,NE,41.291,-96.118
Walmart Supercenter,Omaha,NE,41.214,-96.115
Walmart Supercenter,Omaha,NE,41.295,-96.18
Walmart Neighborhood Market,Omaha,NE,41.192,-96.176
Walmart Supercenter,Omaha,NE,41.231,-96.199
Walmart Supercenter,Gretna,NE,41.143,-96.166
Walmart Supercenter,Blair,NE,41.526,-96.141
Walmart Supercenter,Fremont,NE,41.453,-96.457
Walmart Supercenter,Creston,IA,41.046,-94.373
Walmart Supercenter,Osceola,IA,41.023,-93.8
Walmart,Aledo,IL,41.197,-90.728
Walmart Supercenter,Decorah,IA,43.292,-91.754
Walmart Supercenter,Dubuque,IA,42.487,-90.736
Walmart Supercenter,Galena,IL,42.432,-90.447
Walmart Supercenter,Platteville,WI,42.736,-90.438
Walmart Supercenter,Fairfield,IA,41.007,-91.993
Walmart Supercenter,Mount Pleasant,IA,40.979,-91.541
Walmart Supercenter,Grinnell,IA,41.722,-92.731
Walmart Supercenter,Marshalltown,IA,42.012,-92.909
Walmart Supercenter,Oskaloosa,IA,41.298,-92.67
Walmart,Iowa Falls,IA,42.502,-93.26
Walmart Supercenter,Keokuk,IA,40.418,-91.41
Walmart Supercenter,West Burlington,IA,40.814,-91.16
Walmart Supercenter,Quincy,IL,39.938,-91.332
Walmart Supercenter,Le Mars,IA,42.782,-96.187
Walmart Supercenter,Sioux Center,IA,43.06,-96.181
Walmart Supercenter,Sioux City,IA,42.532,-96.374
Walmart Supercenter,South Sioux City,NE,42.474,-96.43
Walmart Supercenter,Sioux City,IA,42.434,-96.363
Walmart Supercenter,Mason City,IA,43.146,-93.263
Walmart Supercenter,Shenandoah,IA,40.76,-95.385
Walmart Supercenter,Nebraska City,NE,40.658,-95.856
Walmart Supercenter,Vermillion,SD,42.792,-96.937
Walmart Supercenter,Spencer,IA,43.126,-95.153
Walmart Supercenter,Spirit Lake,IA,43.424,-95.125
Walmart Supercenter,Storm Lake,IA,42.664,-95.198
Walmart Supercenter,Worthington,MN,43.637,-95.602
Walmart Supercenter,Ammon,ID,43.487,-111.983
Walmart Supercenter,Idaho Falls,ID,43.493,-112.05
Walmart Supercenter,Blackfoot,ID,43.199,-112.36
Walmart Supercenter,Rexburg,ID,43.855,-111.777
Walmart Supercenter,Chubbuck,ID,42.91,-112.47
Walmart Neighborhood Market,Boise,ID,43.634,-116.276
Walmart Supercenter,Boise,ID,43.591,-116.285
Walmart Supercenter,Garden City,ID,43.67,-116.283
Walmart Supercenter,Meridian,ID,43.618,-116.343
Walmart Supercenter,Meridian,ID,43.589,-116.403
Walmart Supercenter,Meridian,ID,43.65,-116.436
Walmart Supercenter,Nampa,ID,43.603,-116.511
Walmart Supercenter,Nampa,ID,43.549,-116.571
Walmart Neighborhood Market,Nampa,ID,43.566,-116.614
Walmart Supercenter,Caldwell,ID,43.632,-116.646
Walmart Neighborhood Market,Caldwell,ID,43.632,-116.691
Walmart Supercenter,Burley,ID,42.56,-113.79
Walmart Supercenter,Ontario,OR,44.027,-116.939
Walmart Supercenter,Hayden,ID,47.75,-116.793
Walmart Supercenter,Post Falls,ID,47.715,-116.907
Walmart Supercenter,Post Falls,ID,47.704,-117.031
Walmart Supercenter,Spokane Valley,WA,47.666,-117.191
Walmart Supercenter,Spokane Valley,WA,47.658,-117.338
Walmart Supercenter,Spokane,WA,47.742,-117.403
Walmart,Spokane,WA,47.699,-117.445
Walmart Supercenter,Smelterville,ID,47.545,-116.187
Walmart Supercenter,Jerome,ID,42.694,-114.516
Walmart Supercenter,Twin Falls,ID,42.59,-114.482
Walmart Supercenter,Moscow,ID,46.734,-117.036
Walmart Supercenter,Pullman,WA,46.712,-117.176
Walmart Supercenter,Clarkston,WA,46.423,-117.043
Walmart Supercenter,Mountain Home,ID,43.136,-115.668
Walmart Supercenter,Ponderay,ID,48.308,-116.544
Walmart Supercenter,Spokane,WA,47.645,-117.559
Walmart Supercenter,Addison,IL,41.95,-88.034
Walmart Supercenter,Villa Park,IL,41.872,-87.963
Walmart,Northlake,IL,41.905,-87.909
Walmart Supercenter,Elk Grove Village,IL,42.017,-87.974
Walmart Supercenter,Bloomingdale,IL,41.939,-88.108
Walmart Supercenter,Glen Ellyn,IL,41.829,-88.057
Walmart,Rolling Meadows,IL,42.054,-88.0
Walmart Supercenter,Streamwood,IL,42.011,-88.145
Walmart Supercenter,Forest Park,IL,41.862,-87.818
Walmart Supercenter,Mount Prospect,IL,42.069,-87.924
Walmart Supercenter,Niles,IL,42.057,-87.835
Walmart Supercenter,Hodgkins,IL,41.778,-87.863
Walmart Supercenter,Darien,IL,41.749,-88.0
Walmart Supercenter,Chicago,IL,41.933,-87.742
Walmart,Niles,IL,42.014,-87.769
Walmart Supercenter,Chicago,IL,41.912,-87.743
Walmart Supercenter,Saint Charles,IL,41.922,-88.287
Walmart Supercenter,Cicero,IL,41.83,-87.747
Walmart,Palatine,IL,42.138,-88.018
Walmart Supercenter,Skokie,IL,42.013,-87.719
Walmart Supercenter,Lincolnwood,IL,42.006,-87.713
Walmart Supercenter,Wheeling,IL,42.153,-87.953
Walmart Supercenter,Bolingbrook,IL,41.696,-88.066
Walmart Supercenter,Naperville,IL,41.746,-88.198
Walmart Supercenter,Bedford Park,IL,41.766,-87.746
Walmart Supercenter,Aurora,IL,41.815,-88.283
Walmart Supercenter,Lake Zurich,IL,42.186,-88.088
Walmart,Bridgeview,IL,41.707,-87.8
Walmart Supercenter,Elgin,IL,42.004,-88.34
Walmart Supercenter,Batavia,IL,41.863,-88.341
Walmart Supercenter,Carpentersville,IL,42.122,-88.26
Walmart Neighborhood Market,Chicago,IL,41.756,-87.663
Walmart Supercenter,Evergreen Park,IL,41.722,-87.686
Walmart,Vernon Hills,IL,42.239,-87.951
Walmart Supercenter,Oswego,IL,41.704,-88.303
Walmart Supercenter,Lockport,IL,41.592,-88.023
Walmart Supercenter,Romeoville,IL,41.606,-88.124
Walmart Supercenter,Crestwood,IL,41.648,-87.734
Walmart Supercenter,Algonquin,IL,42.155,-88.34
Walmart Supercenter,Orland Hills,IL,41.599,-87.844
Walmart Supercenter,Crystal Lake,IL,42.209,-88.284
Walmart Supercenter,Montgomery,IL,41.72,-88.373
Walmart Supercenter,Chicago,IL,41.695,-87.598
Walmart Supercenter,Huntley,IL,42.152,-88.433
Walmart Supercenter,Country Club Hills,IL,41.584,-87.719
Walmart Supercenter,Shorewood,IL,41.543,-88.2
Walmart Supercenter,New Lenox,IL,41.513,-87.952
Walmart Supercenter,Waukegan,IL,42.345,-87.898
Walmart Supercenter,Hammond,IN,41.693,-87.52
Walmart Supercenter,Joliet,IL,41.522,-88.143
Walmart Supercenter,Galesburg,IL,40.981,-90.36
Walmart Supercenter,Woodstock,IL,42.298,-88.423
Walmart Supercenter,Johnsburg,IL,42.369,-88.271
Walmart Supercenter,Round Lake Beach,IL,42.388,-88.064
Walmart Supercenter,Gurnee,IL,42.388,-87.966
Walmart Supercenter,Harvard,IL,42.406,-88.611
Walmart Supercenter,Antioch,IL,42.469,-88.065
Walmart Supercenter,Dekalb,IL,41.95,-88.722
Walmart Supercenter,Belvidere,IL,42.238,-88.817
Walmart Supercenter,Lake Geneva,WI,42.591,-88.412
Walmart Supercenter,Zion,IL,42.466,-87.869
Walmart Supercenter,Anna,IL,37.462,-89.223
Walmart Supercenter,Carbondale,IL,37.738,-89.187
Walmart Neighborhood Market,Cape Girardeau,MO,37.305,-89.549
Walmart Supercenter,Murphysboro,IL,37.76,-89.283
Walmart Supercenter,Cape Girardeau,MO,37.301,-89.585
Walmart Supercenter,Jackson,MO,37.363,-89.635
Walmart Supercenter,Marion,IL,37.748,-88.972
Walmart,Herrin,IL,37.786,-89.029
Walmart Supercenter,Kenosha,WI,42.605,-87.884
Walmart Supercenter,Burlington,WI,42.703,-88.254
Walmart Supercenter,Sturtevant,WI,42.695,-87.867
Walmart Neighborhood Market,Mount Pleasant,WI,42.718,-87.849
Walmart Supercenter,Mukwonago,WI,42.847,-88.322
Walmart Supercenter,Delavan,WI,42.628,-88.613
Walmart Supercenter,Muskego,WI,42.927,-88.11
Walmart Supercenter,Franklin,WI,42.923,-87.952
Walmart Supercenter,Greendale,WI,42.948,-88.01
Walmart Supercenter,South Milwaukee,WI,42.928,-87.861
Walmart Supercenter,Greenfield,WI,42.959,-88.045
Walmart Supercenter,Plano,IL,41.657,-88.558
Walmart Supercenter,Morris,IL,41.384,-88.418
Walmart Supercenter,Beardstown,IL,39.997,-90.395
Walmart Supercenter,Jacksonville,IL,39.72,-90.271
Walmart Supercenter,Macomb,IL,40.461,-90.642
Walmart Supercenter,Lansing,IL,41.574,-87.556
Walmart Supercenter,Olympia Fields,IL,41.507,-87.677
Walmart Supercenter,Richton Park,IL,41.482,-87.75
Walmart Supercenter,Hammond,IN,41.569,-87.482
Walmart,Schererville,IN,41.493,-87.468
Walmart Supercenter,Belleville,IL,38.522,-89.923
Walmart Supercenter,O Fallon,IL,38.593,-89.954
Walmart Supercenter,Collinsville,IL,38.675,-90.017
Walmart Neighborhood Market,Collinsville,IL,38.692,-89.986
Walmart Supercenter,Waterloo,IL,38.359,-90.157
Walmart Supercenter,Saint Louis,MO,38.495,-90.297
Walmart Supercenter,Granite City,IL,38.736,-90.141
Walmart Supercenter,Glen Carbon,IL,38.775,-89.953
Walmart Supercenter,Shrewsbury,MO,38.58,-90.328
Walmart Supercenter,Maplewood,MO,38.621,-90.331
Walmart Supercenter,Arnold,MO,38.437,-90.378
Walmart Supercenter,Kirkwood,MO,38.563,-90.403
Walmart Supercenter,Highland,IL,38.761,-89.684
Walmart Supercenter,Saint Louis,MO,38.766,-90.284
Walmart Supercenter,Fenton,MO,38.51,-90.439
Walmart Supercenter,Wood River,IL,38.87,-90.07
Walmart Supercenter,Florissant,MO,38.804,-90.307
Walmart Supercenter,Bridgeton,MO,38.745,-90.419
Walmart Supercenter,Manchester,MO,38.596,-90.507
Walmart Supercenter,High Ridge,MO,38.462,-90.522
Walmart Supercenter,Sparta,IL,38.142,-89.702
Walmart Supercenter,Festus,MO,38.212,-90.388
Walmart Supercenter,Godfrey,IL,38.964,-90.193
Walmart Supercenter,Carlyle,IL,38.626,-89.373
Walmart Supercenter,Chesterfield,MO,38.667,-90.584
Walmart Supercenter,Saint Charles,MO,38.783,-90.524
Walmart Supercenter,Rockford,IL,42.266,-88.973
Walmart Supercenter,Rockford,IL,42.315,-89.032
Walmart Supercenter,Rockford,IL,42.313,-89.114
Walmart Supercenter,Roscoe,IL,42.456,-89.024
Walmart Supercenter,Beloit,WI,42.526,-88.986
Walmart Supercenter,Rochelle,IL,41.937,-89.052
Walmart Supercenter,Janesville,WI,42.724,-88.989
Walmart Supercenter,Benton,IL,38.001,-88.937
Walmart Supercenter,Du Quoin,IL,37.998,-89.238
Walmart Supercenter,Mount Vernon,IL,38.309,-88.958
Walmart Supercenter,Harrisburg,IL,37.728,-88.537
Walmart Supercenter,Bloomington,IL,40.488,-89.04
Walmart Supercenter,Normal,IL,40.515,-88.949
Walmart Supercenter,Morton,IL,40.63,-89.462
Walmart Supercenter,Washington,IL,40.706,-89.457
Walmart Supercenter,Lincoln,IL,40.154,-89.398
Walmart Supercenter,Pekin,IL,40.538,-89.595
Walmart Supercenter,Pontiac,IL,40.87,-88.66
Walmart Supercenter,East Peoria,IL,40.684,-89.585
Walmart Supercenter,Bourbonnais,IL,41.189,-87.852
Walmart Supercenter,Kankakee,IL,41.08,-87.861
Walmart Supercenter,Watseka,IL,40.777,-87.697
Walmart Supercenter,Merrillville,IN,41.475,-87.322
Walmart,Canton,IL,40.592,-90.034
Walmart,Peoria,IL,40.728,-89.615
Walmart Supercenter,Peoria,IL,40.796,-89.634
Walmart,Chester,IL,37.925,-89.805
Walmart Supercenter,Carlinville,IL,39.268,-89.894
Walmart Supercenter,Litchfield,IL,39.185,-89.668
Walmart Supercenter,Jerseyville,IL,39.103,-90.318
Walmart Supercenter,Springfield,IL,39.752,-89.71
Walmart Supercenter,Springfield,IL,39.745,-89.64
Walmart Supercenter,Centralia,IL,38.533,-89.159
Walmart Supercenter,Salem,IL,38.623,-88.98
Walmart Supercenter,Vandalia,IL,38.966,-89.132
Walmart Supercenter,Carmi,IL,38.074,-88.19
Walmart Supercenter,Fairfield,IL,38.376,-88.389
Walmart Supercenter,Evansville,IN,37.973,-87.635
Walmart Supercenter,Morganfield,KY,37.689,-87.9
Walmart Neighborhood Market,Evansville,IN,38.004,-87.575
Walmart Supercenter,Champaign,IL,40.147,-88.255
Walmart Supercenter,Urbana,IL,40.112,-88.159
Walmart Supercenter,Savoy,IL,40.049,-88.256
Walmart Supercenter,Rantoul,IL,40.306,-88.179
Walmart Supercenter,Danville,IL,40.202,-87.628
Walmart Supercenter,Charleston,IL,39.486,-88.155
Walmart Supercenter,Mattoon,IL,39.481,-88.338
Walmart Supercenter,Marshall,IL,39.415,-87.691
Walmart Supercenter,Paris,IL,39.602,-87.681
Walmart Supercenter,Effingham,IL,39.14,-88.562
Walmart Supercenter,Perryville,MO,37.706,-89.896
Walmart Supercenter,Farmington,MO,37.789,-90.435
Walmart Supercenter,Portage,IN,41.548,-87.179
Walmart Neighborhood Market,Saint Peters,MO,38.779,-90.58
Walmart Supercenter,Saint Peters,MO,38.745,-90.588
Walmart,Clinton,IN,39.656,-87.431
Walmart Supercenter,Decatur,IL,39.9,-88.952
Walmart Supercenter,Decatur,IL,39.819,-88.883
Walmart Supercenter,Taylorville,IL,39.569,-89.315
Walmart Supercenter,Shelbyville,IL,39.408,-88.829
Walmart Supercenter,Springfield,IL,39.839,-89.601
Walmart Supercenter,Dixon,IL,41.827,-89.472
Walmart Supercenter,Freeport,IL,42.264,-89.629
Walmart Supercenter,Princeton,IL,41.397,-89.463
Walmart Supercenter,Flora,IL,38.682,-88.496
Walmart Supercenter,Olney,IL,38.75,-88.097
Walmart Supercenter,Monroe,WI,42.61,-89.664
Walmart Supercenter,Kewanee,IL,41.221,-89.923
Walmart Neighborhood Market,St. Peters,MO,38.774,-90.626
Walmart Supercenter,O Fallon,MO,38.794,-90.702
Walmart Supercenter,Lake Saint Louis,MO,38.772,-90.786
Walmart Supercenter,Eureka,MO,38.507,-90.657
Walmart Supercenter,Whitewater,WI,42.836,-88.757
Walmart,Pittsfield,IL,39.605,-90.822
Walmart Supercenter,Valparaiso,IN,41.461,-87.036
Walmart Supercenter,Michigan City,IN,41.667,-86.888
Walmart Supercenter,Lawrenceville,IL,38.725,-87.7
Walmart Supercenter,Vincennes,IN,38.663,-87.505
Walmart Supercenter,Robinson,IL,39.009,-87.724
Walmart Supercenter,Princeton,IN,38.358,-87.605
Walmart Supercenter,Washington,IN,38.632,-87.183
Walmart,Sullivan,IN,39.101,-87.424
Clinic Pharmacy,Princeton,IN,38.283,-87.561
Walmart Supercenter,Terre Haute,IN,39.4,-87.406
Walmart Supercenter,Terre Haute,IN,39.437,-87.333
Walmart,Brazil,IN,39.531,-87.1
Walmart Supercenter,Ottawa,IL,41.378,-88.844
Walmart Supercenter,Streator,IL,41.152,-88.833
Walmart Supercenter,Peru,IL,41.373,-89.123
Walmart Supercenter,Bowling Green,MO,39.33,-91.182
Walmart Supercenter,Hannibal,MO,39.724,-91.4
Walmart Supercenter,Linton,IN,39.036,-87.131
Walmart Supercenter,De Soto,MO,38.149,-90.578
Walmart,Rensselaer,IN,40.924,-87.153
Walmart Supercenter,Anderson,IN,40.065,-85.65
Walmart Supercenter,Muncie,IN,40.217,-85.441
Walmart Supercenter,Muncie,IN,40.158,-85.37
Walmart Supercenter,Noblesville,IN,40.034,-85.998
Walmart Neighborhood Market,Fishers,IN,39.981,-86.001
Walmart Supercenter,Greenfield,IN,39.813,-85.767
Walmart Supercenter,New Castle,IN,39.887,-85.389
Walmart Supercenter,Fishers,IN,39.929,-86.022
Walmart Supercenter,Indianapolis,IN,39.861,-85.975
Walmart Supercenter,Carmel,IN,40.007,-86.124
Walmart Neighborhood Market,Indianapolis,IN,39.854,-86.085
Walmart Supercenter,Indianapolis,IN,39.888,-86.12
Walmart Supercenter,Indianapolis,IN,39.774,-85.977
Walmart Supercenter,Marion,IN,40.53,-85.676
Walmart Supercenter,Indianapolis,IN,39.91,-86.216
Walmart Neighborhood Market,Indianapolis,IN,39.853,-86.192
Walmart Supercenter,Kokomo,IN,40.478,-86.105
Walmart Supercenter,Angola,IN,41.661,-84.996
Walmart Supercenter,Kendallville,IN,41.447,-85.225
Walmart Supercenter,Auburn,IN,41.362,-85.081
Walmart Supercenter,Coldwater,MI,41.934,-84.967
Walmart Supercenter,Sturgis,MI,41.784,-85.426
Walmart Supercenter,Bryan,OH,41.46,-84.547
Walmart Supercenter,Jonesville,MI,41.965,-84.668
Walmart Supercenter,Fort Wayne,IN,41.176,-85.169
Walmart Supercenter,Fort Wayne,IN,41.129,-85.007
Walmart Supercenter,Fort Wayne,IN,41.128,-85.138
Walmart Supercenter,Fort Wayne,IN,41.07,-85.203
Walmart Supercenter,Fort Wayne,IN,41.014,-85.12
Walmart Supercenter,Columbia City,IN,41.17,-85.493
Walmart Supercenter,Aurora,IN,39.08,-84.889
Walmart Supercenter,Florence,KY,39.011,-84.651
Walmart Supercenter,Cincinnati,OH,39.128,-84.598
Walmart Supercenter,Ft Wright,KY,39.035,-84.536
Walmart Supercenter,Cincinnati,OH,39.222,-84.588
Walmart Supercenter,Cincinnati,OH,39.261,-84.603
Walmart Supercenter,Alexandria,KY,38.975,-84.393
Walmart Supercenter,Cincinnati,OH,39.147,-84.403
Walmart Supercenter,Cincinnati,OH,39.25,-84.43
Walmart Supercenter,Hamilton,OH,39.426,-84.601
Walmart Supercenter,Carrollton,KY,38.659,-85.128
Walmart Supercenter,Dry Ridge,KY,38.679,-84.597
Walmart Supercenter,Hamilton,OH,39.389,-84.508
Walmart Supercenter,Madison,IN,38.784,-85.378
Walmart Supercenter,Oxford,OH,39.528,-84.769
Walmart Supercenter,West Chester,OH,39.345,-84.393
Walmart Supercenter,Cincinnati,OH,39.09,-84.27
Walmart Supercenter,Milford,OH,39.159,-84.28
Walmart Supercenter,Avon,IN,39.766,-86.355
Walmart Supercenter,Plainfield,IN,39.713,-86.365
Walmart Neighborhood Market,Plainfield,IN,39.7,-86.415
Walmart Supercenter,Danville,IN,39.759,-86.489
Clinic Pharmacy,Plainfield,IN,39.676,-86.357
Walmart Neighborhood Market,Indianapolis,IN,39.778,-86.263
Walmart Supercenter,Brownsburg,IN,39.859,-86.397
Walmart Neighborhood Market,Indianapolis,IN,39.696,-86.266
Walmart Supercenter,Camby,IN,39.655,-86.311
Walmart Supercenter,Indianapolis,IN,39.838,-86.245
Walmart Neighborhood Market,Indianapolis,IN,39.711,-86.12
Walmart Supercenter,Indianapolis,IN,39.66,-86.143
Walmart Supercenter,Greenwood,IN,39.603,-86.162
Walmart Supercenter,Indianapolis,IN,39.7,-86.085
Walmart Supercenter,Greenwood,IN,39.634,-86.08
Walmart Supercenter,Lebanon,IN,40.071,-86.476
Walmart Supercenter,Martinsville,IN,39.418,-86.406
Walmart Supercenter,Franklin,IN,39.503,-86.068
Walmart Supercenter,Greencastle,IN,39.644,-86.824
Walmart Supercenter,Crawfordsville,IN,40.012,-86.903
Walmart Supercenter,Bedford,IN,38.866,-86.515
Walmart Supercenter,Bloomington,IN,39.142,-86.58
Walmart Supercenter,Paoli,IN,38.565,-86.468
Walmart Supercenter,Salem,IN,38.613,-86.084
Walmart,Spencer,IN,39.291,-86.784
Walmart Supercenter,Seymour,IN,38.956,-85.864
Walmart Supercenter,Columbus,IN,39.196,-85.947
Walmart Supercenter,Bluffton,IN,40.773,-85.168
Walmart Supercenter,Decatur,IN,40.809,-84.94
Walmart Supercenter,Huntington,IN,40.899,-85.516
Walmart Supercenter,Portland,IN,40.441,-84.99
Walmart Supercenter,Van Wert,OH,40.889,-84.579
Walmart Supercenter,Boonville,IN,38.051,-87.307
Walmart Supercenter,Newburgh,IN,37.979,-87.407
Walmart Supercenter,Evansville,IN,37.98,-87.472
Walmart Neighborhood Market,Evansville,IN,37.958,-87.509
Walmart Supercenter,Henderson,KY,37.856,-87.566
Walmart Supercenter,Owensboro,KY,37.757,-87.061
Walmart Supercenter,Owensboro,KY,37.72,-87.122
Walmart Supercenter,Tell City,IN,37.928,-86.753
Walmart Supercenter,Jasper,IN,38.428,-86.937
Walmart Supercenter,Frankfort,IN,40.281,-86.478
Walmart Supercenter,Shelbyville,IN,39.527,-85.743
Walmart Supercenter,Clarksville,IN,38.332,-85.759
Walmart Supercenter,New Albany,IN,38.319,-85.818
Walmart Neighborhood Market,Saint Matthews,KY,38.254,-85.644
Walmart Supercenter,Louisville,KY,38.2,-85.668
Walmart Neighborhood Market,Louisville,KY,38.157,-85.836
Walmart Supercenter,Louisville,KY,38.3,-85.546
Walmart Supercenter,Louisville,KY,38.127,-85.791
Walmart Supercenter,Louisville,KY,38.136,-85.672
Walmart Neighborhood Market,Jeffersontown,KY,38.189,-85.564
Walmart Supercenter,Middletown,KY,38.247,-85.513
Walmart Supercenter,Louisville,KY,38.143,-85.587
Walmart Supercenter,Louisville,KY,38.103,-85.867
Walmart Supercenter,Louisville,KY,38.089,-85.664
Walmart Supercenter,Crestwood,KY,38.338,-85.472
Walmart Supercenter,Corydon,IN,38.235,-86.131
Walmart Supercenter,Shepherdsville,KY,37.997,-85.707
Walmart Supercenter,La Grange,KY,38.396,-85.374
Walmart Supercenter,Scottsburg,IN,38.687,-85.796
Walmart Supercenter,Shelbyville,KY,38.21,-85.265
Walmart Supercenter,Radcliff,KY,37.849,-85.942
Walmart Supercenter,Warsaw,IN,41.272,-85.856
Walmart Supercenter,Wabash,IN,40.816,-85.82
Walmart Supercenter,Goshen,IN,41.557,-85.788
Walmart Supercenter,Columbus,IN,39.208,-85.88
Walmart Supercenter,North Vernon,IN,39.02,-85.64
Walmart Supercenter,Greensburg,IN,39.36,-85.475
Walmart Supercenter,Connersville,IN,39.684,-85.137
Walmart Supercenter,Richmond,IN,39.831,-84.855
Walmart Supercenter,Eaton,OH,39.768,-84.633
Walmart Neighborhood Market,Radcliff,KY,37.8,-85.915
Walmart Supercenter,Lafayette,IN,40.365,-86.86
Walmart Supercenter,Lafayette,IN,40.414,-86.827
Walmart Supercenter,West Lafayette,IN,40.457,-86.933
Walmart Supercenter,Celina,OH,40.555,-84.54
Walmart Supercenter,Elkhart,IN,41.724,-85.982
Walmart Supercenter,Elkhart,IN,41.687,-86.058
Walmart Supercenter,Goshen,IN,41.622,-85.901
Walmart Supercenter,Mishawaka,IN,41.715,-86.181
Walmart Supercenter,South Bend,IN,41.626,-86.258
Walmart Supercenter,Niles,MI,41.789,-86.247
Walmart Supercenter,Three Rivers,MI,41.942,-85.657
Walmart Supercenter,Plymouth,IN,41.364,-86.33
Walmart Supercenter,Logansport,IN,40.761,-86.312
Walmart Supercenter,La Porte,IN,41.622,-86.692
Walmart Supercenter,Monticello,IN,40.748,-86.781
Walmart Supercenter,Rochester,IN,41.049,-86.215
Walmart Supercenter,Benton Harbor,MI,42.08,-86.424
Walmart Supercenter,Winchester,IN,40.165,-84.964
Walmart Supercenter,Greenville,OH,40.126,-84.617
Walmart Supercenter,Englewood,OH,39.856,-84.335
Walmart,Hardinsburg,KY,37.768,-86.443
Walmart Supercenter,Arkansas City,KS,37.09,-97.043
Walmart Supercenter,Winfield,KS,37.227,-96.993
Walmart Supercenter,Ponca City,OK,36.741,-97.072
Walmart,Blackwell,OK,36.81,-97.297
Walmart Supercenter,Wellington,KS,37.276,-97.386
Walmart Neighborhood Market,Derby,KS,37.533,-97.243
Walmart Supercenter,Atchison,KS,39.54,-95.13
Walmart Supercenter,Saint Joseph,MO,39.737,-94.804
Walmart Supercenter,Leavenworth,KS,39.269,-94.93
Walmart Supercenter,Saint Joseph,MO,39.809,-94.812
Walmart Supercenter,Hiawatha,KS,39.846,-95.56
Walmart Supercenter,Kansas City,MO,39.251,-94.655
Walmart Supercenter,Kansas City,KS,39.132,-94.83
Walmart Supercenter,Holton,KS,39.457,-95.75
Walmart Supercenter,Augusta,KS,37.678,-96.988
Walmart Supercenter,El Dorado,KS,37.815,-96.892
Walmart Supercenter,Wichita,KS,37.676,-97.204
Walmart Supercenter,Wichita,KS,37.739,-97.242
Walmart Supercenter,Derby,KS,37.569,-97.277
Walmart Supercenter,Wichita,KS,37.648,-97.332
Walmart Neighborhood Market,Wichita,KS,37.638,-97.354
Walmart Neighborhood Market,Wichita,KS,37.721,-97.365
Walmart Supercenter,Wichita,KS,37.784,-97.374
Walmart Supercenter,Wichita,KS,37.675,-97.413
Walmart Neighborhood Market,Wichita,KS,37.695,-97.465
Walmart Supercenter,Wichita,KS,37.725,-97.466
Walmart Supercenter,Newton,KS,38.023,-97.339
Walmart Supercenter,Goddard,KS,37.661,-97.555
Walmart Supercenter,Bonner Springs,KS,39.086,-94.878
Walmart Supercenter,Shawnee,KS,39.025,-94.85
Walmart Supercenter,Shawnee,KS,39.012,-94.773
Walmart Neighborhood Market,Shawnee,KS,38.994,-94.713
Walmart,Overland Park,KS,38.989,-94.699
Walmart Supercenter,Olathe,KS,38.887,-94.838
Walmart Neighborhood Market,Kansas City,KS,39.075,-94.656
Walmart,Roeland Park,KS,39.035,-94.64
Walmart Neighborhood Market,Overland Park,KS,38.966,-94.669
Walmart Supercenter,Olathe,KS,38.881,-94.758
Walmart Neighborhood Market,Westwood,KS,39.044,-94.62
Walmart Neighborhood Market,Olathe,KS,38.853,-94.8
Walmart Supercenter,Overland Park,KS,38.915,-94.668
Walmart Supercenter,Gardner,KS,38.809,-94.893
Walmart Supercenter,Overland Park,KS,38.842,-94.67
Walmart Supercenter,Kansas City,MO,38.885,-94.605
Walmart Neighborhood Market,Kansas City,MO,39.189,-94.547
Walmart Supercenter,Gladstone,MO,39.225,-94.548
Walmart Supercenter,Lawrence,KS,38.923,-95.258
Walmart Supercenter,Raytown,MO,38.984,-94.459
Walmart Supercenter,Lawrence,KS,38.973,-95.31
Walmart Supercenter,Kansas City,MO,39.046,-94.442
Walmart Neighborhood Market,Independence,MO,39.058,-94.414
Walmart Supercenter,Kansas City,MO,39.243,-94.459
Walmart Supercenter,Raymore,MO,38.81,-94.495
Walmart Supercenter,Independence,MO,39.046,-94.367
Walmart Supercenter,Lees Summit,MO,38.93,-94.363
Walmart Supercenter,Lees Summit,MO,38.857,-94.378
Walmart Neighborhood Market,Blue Springs,MO,39.038,-94.27
Walmart Supercenter,Paola,KS,38.573,-94.857
Walmart Supercenter,Blue Springs,MO,39.024,-94.255
Walmart Supercenter,Chanute,KS,37.654,-95.451
Walmart Supercenter,Iola,KS,37.943,-95.412
Walmart Supercenter,Parsons,KS,37.372,-95.256
Walmart Supercenter,Coffeyville,KS,37.042,-95.579
Walmart Supercenter,Independence,KS,37.225,-95.742
Walmart Supercenter,Bartlesville,OK,36.741,-95.932
Walmart Supercenter,Colby,KS,39.365,-101.048
Walmart Supercenter,Concordia,KS,39.551,-97.66
Walmart Supercenter,Dodge City,KS,37.769,-100.036
Walmart Supercenter,Emporia,KS,38.425,-96.22
Walmart Supercenter,Fort Scott,KS,37.808,-94.708
Walmart Supercenter,Nevada,MO,37.832,-94.327
Walmart Supercenter,Pittsburg,KS,37.434,-94.703
Walmart Neighborhood Market,Pittsburg,KS,37.383,-94.688
Walmart Supercenter,Lamar,MO,37.497,-94.302
Walmart Supercenter,Butler,MO,38.255,-94.356
Walmart Neighborhood Market,Garden City,KS,37.987,-100.882
Walmart Supercenter,Garden City,KS,37.986,-100.836
Walmart Supercenter,Ottawa,KS,38.581,-95.265
Walmart Supercenter,Harrisonville,MO,38.666,-94.369
Walmart Supercenter,Hutchinson,KS,38.07,-97.892
Walmart Supercenter,Goodland,KS,39.334,-101.728
Walmart Supercenter,Great Bend,KS,38.362,-98.778
Walmart Supercenter,Hays,KS,38.902,-99.318
Walmart Supercenter,Topeka,KS,39.094,-95.672
Walmart Neighborhood Market,Topeka,KS,39.06,-95.708
Walmart Supercenter,Topeka,KS,39.039,-95.765
Walmart Supercenter,Topeka,KS,39.02,-95.651
Walmart Supercenter,Topeka,KS,38.998,-95.694
Walmart Supercenter,Mcpherson,KS,38.368,-97.628
Walmart Supercenter,Junction City,KS,39.021,-96.821
Walmart Neighborhood Market,Junction City,KS,39.018,-96.862
Walmart Supercenter,Manhattan,KS,39.188,-96.556
Walmart Supercenter,Excelsior Springs,MO,39.33,-94.265
Walmart Supercenter,Oak Grove,MO,39.014,-94.122
Walmart Supercenter,Liberal,KS,37.067,-100.917
Walmart Supercenter,Marysville,KS,39.843,-96.605
Walmart Supercenter,Beatrice,NE,40.28,-96.746
Walmart Supercenter,Salina,KS,38.785,-97.615
Walmart Neighborhood Market,Joplin,MO,37.143,-94.514
Walmart Supercenter,Webb City,MO,37.133,-94.475
Walmart Supercenter,Joplin,MO,37.087,-94.546
Walmart Neighborhood Market,Joplin,MO,37.083,-94.496
Walmart Neighborhood Market,Joplin,MO,37.064,-94.534
Walmart Supercenter,Joplin,MO,37.074,-94.477
Walmart Supercenter,Carthage,MO,37.143,-94.311
Walmart Supercenter,Pratt,KS,37.644,-98.714
Walmart Supercenter,Amelia,OH,39.018,-84.199
Walmart Supercenter,Mason,OH,39.311,-84.319
Walmart Supercenter,Ashland,KY,38.485,-82.658
Walmart Supercenter,Ashland,KY,38.389,-82.712
Walmart Supercenter,South Point,OH,38.413,-82.523
Walmart Supercenter,Huntington,WV,38.407,-82.375
Walmart Supercenter,Wayne,WV,38.257,-82.43
Walmart Supercenter,Barboursville,WV,38.422,-82.257
Walmart Supercenter,New Boston,OH,38.753,-82.925
Walmart Supercenter,Louisa,KY,38.102,-82.624
Walmart Supercenter,Hurricane,WV,38.441,-82.023
Walmart Supercenter,Gallipolis,OH,38.822,-82.171
Walmart,Barbourville,KY,36.857,-83.869
Walmart Supercenter,Corbin,KY,36.973,-84.103
Walmart Supercenter,Williamsburg,KY,36.726,-84.163
Walmart Supercenter,Middlesboro,KY,36.614,-83.704
Walmart,Manchester,KY,37.141,-83.773
Walmart Supercenter,London,KY,37.112,-84.093
Walmart,Harlan,KY,36.818,-83.318
Walmart,New Tazewell,TN,36.439,-83.609
Walmart Supercenter,Bardstown,KY,37.8,-85.437
Walmart Supercenter,Lebanon,KY,37.555,-85.286
Walmart Supercenter,Elizabethtown,KY,37.733,-85.882
Walmart Supercenter,Campbellsville,KY,37.343,-85.365
Walmart Supercenter,Lawrenceburg,KY,38.035,-84.909
Walmart Supercenter,Harrodsburg,KY,37.743,-84.844
Walmart Supercenter,Beaver Dam,KY,37.429,-86.88
Walmart Supercenter,Central City,KY,37.272,-87.144
Walmart Supercenter,Hanson,KY,37.441,-87.486
Walmart Supercenter,Leitchfield,KY,37.488,-86.265
Walmart Supercenter,Benton,KY,36.869,-88.361
Walmart Supercenter,Murray,KY,36.627,-88.318
Walmart Supercenter,Paducah,KY,37.053,-88.569
Walmart Supercenter,Mayfield,KY,36.721,-88.629
Walmart Supercenter,Paducah,KY,37.076,-88.689
Walmart Supercenter,Princeton,KY,37.11,-87.918
Walmart Supercenter,Berea,KY,37.565,-84.313
Walmart Supercenter,Richmond,KY,37.729,-84.283
Walmart Supercenter,Stanford,KY,37.548,-84.647
Walmart Supercenter,Danville,KY,37.615,-84.772
Walmart Supercenter,Nicholasville,KY,37.899,-84.562
Walmart Supercenter,Winchester,KY,37.988,-84.211
Walmart Neighborhood Market,Lexington,KY,37.967,-84.501
Walmart Supercenter,Lexington,KY,37.979,-84.531
Walmart Supercenter,Lexington,KY,38.037,-84.422
Walmart Neighborhood Market,Lexington,KY,38.004,-84.57
Walmart Supercenter,Bowling Green,KY,36.989,-86.483
Walmart Supercenter,Bowling Green,KY,36.951,-86.435
Walmart Supercenter,Franklin,KY,36.696,-86.573
Walmart Supercenter,Glasgow,KY,37.021,-85.937
Walmart Supercenter,Russellville,KY,36.846,-86.916
Walmart Supercenter,Columbia,KY,37.076,-85.335
Walmart Supercenter,Monticello,KY,36.858,-84.849
Walmart Supercenter,Tompkinsville,KY,36.724,-85.686
Walmart Supercenter,Somerset,KY,37.068,-84.623
Walmart Supercenter,Frankfort,KY,38.16,-84.899
Walmart Supercenter,Cynthiana,KY,38.38,-84.307
Walmart Supercenter,Paris,KY,38.197,-84.278
Clinic Pharmacy,Georgetown,KY,38.261,-84.533
Walmart Supercenter,Georgetown,KY,38.231,-84.539
Walmart Supercenter,Lexington,KY,38.07,-84.481
Walmart Supercenter,Mount Sterling,KY,38.069,-83.957
Walmart Supercenter,Maysville,KY,38.621,-83.787
Walmart Supercenter,Middletown,OH,39.489,-84.327
Walmart Supercenter,Lebanon,OH,39.456,-84.173
Walmart Supercenter,Fulton,KY,36.517,-88.9
Walmart Supercenter,Martin,TN,36.355,-88.884
Walmart Supercenter,Union City,TN,36.414,-89.081
Walmart Supercenter,Lafayette,TN,36.521,-86.037
Walmart Supercenter,Jonesville,VA,36.725,-83.103
Walmart Supercenter,Hazard,KY,37.298,-83.214
Walmart,Whitesburg,KY,37.116,-82.798
Walmart,Jackson,KY,37.548,-83.382
Walmart Neighborhood Market,Hopkinsville,KY,36.861,-87.514
Walmart Supercenter,Hopkinsville,KY,36.83,-87.469
Walmart Supercenter,Oak Grove,KY,36.668,-87.44
Walmart Neighborhood Market,Clarksville,TN,36.633,-87.425
Walmart Supercenter,Clarksville,TN,36.58,-87.41
Walmart Neighborhood Market,Clarksville,TN,36.583,-87.336
Walmart Supercenter,Clarksville,TN,36.594,-87.289
Walmart Neighborhood Market,Clarksville,TN,36.549,-87.396
Walmart Supercenter,Clarksville,TN,36.509,-87.269
Walmart,Prestonsburg,KY,37.655,-82.782
Walmart Supercenter,Paintsville,KY,37.823,-82.825
Walmart Supercenter,West Union,OH,38.782,-83.564
Walmart Supercenter,Morehead,KY,38.2,-83.48
Walmart Supercenter,Jacksboro,TN,36.334,-84.178
Walmart Supercenter,Morristown,TN,36.191,-83.357
Walmart Supercenter,Jamestown,TN,36.426,-84.922
Walmart Supercenter,Oneida,TN,36.513,-84.506
Walmart Supercenter,Paris,TN,36.281,-88.308
Walmart Supercenter,Springfield,TN,36.484,-86.888
Walmart Supercenter,Pikeville,KY,37.507,-82.54
Walmart Supercenter,South Williamson,KY,37.659,-82.271
Walmart Supercenter,Grundy,VA,37.278,-82.102
Walmart Supercenter,White House,TN,36.473,-86.678
Walmart Supercenter,Logan,WV,37.86,-82.044
Walmart Supercenter,Carthage,TN,36.254,-85.943
Walmart Supercenter,Norton,VA,36.956,-82.602
Walmart Supercenter,Abbeville,LA,29.973,-92.096
Walmart Supercenter,Lafayette,LA,30.187,-92.078
Walmart Supercenter,Lafayette,LA,30.178,-92.006
Walmart Supercenter,Broussard,LA,30.144,-91.944
Walmart Supercenter,New Iberia,LA,29.984,-91.816
Walmart Neighborhood Market,New Iberia,LA,30.002,-91.799
Walmart Supercenter,Crowley,LA,30.231,-92.365
Walmart Supercenter,Carencro,LA,30.319,-92.031
Walmart Supercenter,Breaux Bridge,LA,30.293,-91.911
Walmart Supercenter,Alexandria,LA,31.279,-92.452
Walmart Neighborhood Market,Pineville,LA,31.332,-92.406
Walmart Neighborhood Market,Alexandria,LA,31.271,-92.486
Walmart Supercenter,Alexandria,LA,31.295,-92.514
Walmart Supercenter,Pineville,LA,31.367,-92.407
Walmart Supercenter,Marksville,LA,31.135,-92.083
Walmart Supercenter,Jena,LA,31.691,-92.141
Walmart Supercenter,Amite,LA,30.727,-90.528
Walmart Supercenter,Hammond,LA,30.502,-90.494
Walmart Supercenter,Ponchatoula,LA,30.445,-90.456
Walmart Supercenter,Walker,LA,30.476,-90.863
Walmart Supercenter,Denham Springs,LA,30.562,-90.959
Walmart Neighborhood Market,Covington,LA,30.472,-90.085
Walmart Supercenter,Denham Springs,LA,30.459,-90.955
Walmart Supercenter,Covington,LA,30.443,-90.079
Walmart Neighborhood Market,Denham Springs,LA,30.444,-90.945
Walmart Supercenter,Baton Rouge,LA,30.542,-91.026
Walmart Neighborhood Market,Baton Rouge,LA,30.547,-91.056
Walmart Supercenter,Baker,LA,30.58,-91.131
Walmart Supercenter,Zachary,LA,30.651,-91.142
Walmart Supercenter,Baton Rouge,LA,30.462,-91.091
Walmart Supercenter,Baton Rouge,LA,30.419,-91.143
Walmart Supercenter,Port Allen,LA,30.421,-91.217
Walmart Neighborhood Market,Baton Rouge,LA,30.431,-91.078
Walmart Neighborhood Market,Baton Rouge,LA,30.395,-91.16
Walmart Neighborhood Market,Baton Rouge,LA,30.41,-91.054
Walmart Supercenter,Baton Rouge,LA,30.438,-91.005
Walmart Neighborhood Market,Baton Rouge,LA,30.409,-91.02
Walmart Supercenter,Baton Rouge,LA,30.377,-91.062
Walmart Supercenter,Baton Rouge,LA,30.352,-91.11
Walmart Supercenter,New Roads,LA,30.686,-91.465
Walmart Supercenter,Prairieville,LA,30.331,-90.986
Walmart Supercenter,Plaquemine,LA,30.264,-91.255
Walmart Neighborhood Market,Prairieville,LA,30.323,-90.922
Walmart Neighborhood Market,Prairieville,LA,30.285,-90.957
Walmart Supercenter,Gonzales,LA,30.235,-90.909
Walmart Neighborhood Market,Monroe,LA,32.525,-92.068
Walmart Supercenter,Monroe,LA,32.526,-92.099
Walmart Neighborhood Market,Monroe,LA,32.526,-92.114
Walmart Supercenter,Rayville,LA,32.463,-91.763
Walmart Neighborhood Market,West Monroe,LA,32.52,-92.144
Walmart Supercenter,West Monroe,LA,32.508,-92.154
Walmart Neighborhood Market,West Monroe,LA,32.515,-92.189
Walmart Supercenter,Oak Grove,LA,32.853,-91.395
Walmart Supercenter,Donaldsonville,LA,30.095,-90.98
Walmart Supercenter,Bogalusa,LA,30.794,-89.865
Walmart Supercenter,Picayune,MS,30.514,-89.662
Walmart Supercenter,Columbia,MS,31.242,-89.813
Walmart Neighborhood Market,Mandeville,LA,30.372,-90.077
Walmart Supercenter,Slidell,LA,30.309,-89.828
Walmart Neighborhood Market,Slidell,LA,30.298,-89.762
Walmart Supercenter,Bossier City,LA,32.548,-93.706
Walmart Supercenter,Shreveport,LA,32.485,-93.707
Walmart Neighborhood Market,Bossier City,LA,32.48,-93.679
Walmart Neighborhood Market,Bossier City,LA,32.56,-93.648
Walmart Supercenter,Shreveport,LA,32.428,-93.712
Walmart Neighborhood Market,Shreveport,LA,32.399,-93.74
Walmart Supercenter,Shreveport,LA,32.599,-93.838
Walmart Supercenter,Shreveport,LA,32.43,-93.84
Walmart Supercenter,Shreveport,LA,32.389,-93.816
Walmart,Vivian,LA,32.858,-93.987
Walmart Supercenter,Minden,LA,32.628,-93.251
Walmart Supercenter,Mansfield,LA,32.053,-93.682
Walmart Supercenter,Boutte,LA,29.905,-90.372
Walmart Supercenter,Kenner,LA,30.025,-90.268
Walmart Supercenter,Metairie,LA,30.004,-90.229
Walmart Neighborhood Market,Kenner,LA,30.021,-90.238
Walmart Supercenter,Harahan,LA,29.95,-90.18
Walmart Supercenter,La Place,LA,30.075,-90.499
Walmart Pickup,Metairie,LA,30.002,-90.129
Walmart Supercenter,Raceland,LA,29.693,-90.552
Walmart Supercenter,Marrero,LA,29.876,-90.093
Walmart Supercenter,New Orleans,LA,29.925,-90.07
Walmart Supercenter,Harvey,LA,29.896,-90.058
Walmart Neighborhood Market,Gretna,LA,29.913,-90.054
Walmart Neighborhood Market,Harvey,LA,29.862,-90.045
Walmart Supercenter,New Orleans,LA,29.911,-90.02
Walmart Supercenter,New Orleans,LA,30.006,-90.038
Walmart Supercenter,Chalmette,LA,29.956,-89.984
Walmart Supercenter,Thibodaux,LA,29.808,-90.816
Walmart Neighborhood Market,Thibodaux,LA,29.774,-90.817
Walmart Supercenter,New Orleans,LA,30.044,-89.961
Walmart Neighborhood Market,Meraux,LA,29.934,-89.924
Walmart Supercenter,Houma,LA,29.584,-90.693
Walmart Neighborhood Market,Houma,LA,29.624,-90.748
Walmart Supercenter,Houma,LA,29.61,-90.752
Walmart Supercenter,Galliano,LA,29.47,-90.324
Walmart Neighborhood Market,Opelousas,LA,30.509,-92.086
Walmart Supercenter,Opelousas,LA,30.521,-92.066
Walmart Supercenter,Eunice,LA,30.494,-92.448
Walmart Supercenter,Ville Platte,LA,30.686,-92.263
Walmart Neighborhood Market,Slidell,LA,30.261,-89.786
Walmart Supercenter,Slidell,LA,30.281,-89.75
Walmart Supercenter,Jennings,LA,30.245,-92.656
Walmart Supercenter,Deridder,LA,30.866,-93.288
Walmart Supercenter,Leesville,LA,31.12,-93.27
Walmart Neighborhood Market,Morgan City,LA,29.712,-91.198
Walmart Supercenter,Morgan City,LA,29.683,-91.267
Walmart Supercenter,Oakdale,LA,30.793,-92.675
Walmart Supercenter,Ruston,LA,32.543,-92.624
Walmart Neighborhood Market,Ruston,LA,32.523,-92.643
Walmart,Franklin,LA,29.814,-91.513
Walmart Supercenter,Lake Charles,LA,30.195,-93.18
Walmart Supercenter,Lake Charles,LA,30.269,-93.18
Walmart Neighborhood Market,Lake Charles,LA,30.301,-93.199
Walmart Neighborhood Market,Lake Charles,LA,30.212,-93.218
Walmart Supercenter,Jonesboro,LA,32.228,-92.706
Walmart Supercenter,Winnfield,LA,31.953,-92.654
Walmart Supercenter,Lake Charles,LA,30.195,-93.247
Walmart Supercenter,Sulphur,LA,30.233,-93.328
Walmart Supercenter,West Orange,TX,30.091,-93.765
Walmart Supercenter,Many,LA,31.581,-93.508
Walmart Supercenter,Center,TX,31.8,-94.191
Walmart Supercenter,Natchitoches,LA,31.751,-93.067
Walmart Supercenter,Winnsboro,LA,32.183,-91.729
Walmart Supercenter,Waveland,MS,30.306,-89.385
Walmart,Bridge City,TX,30.025,-93.844
Walmart Supercenter,Vidalia,LA,31.577,-91.463
Walmart Supercenter,Natchez,MS,31.553,-91.371
Walmart Supercenter,Marshall,TX,32.558,-94.353
Walmart,Abington,MA,42.096,-70.969
Walmart Supercenter,Avon,MA,42.121,-71.031
Walmart,Brockton,MA,42.098,-71.057
Walmart,Weymouth,MA,42.2,-70.944
Walmart Supercenter,Halifax,MA,41.997,-70.847
Walmart,Quincy,MA,42.236,-70.986
Walmart Supercenter,Raynham,MA,41.935,-71.086
Walmart Supercenter,Walpole,MA,42.144,-71.217
Walmart Supercenter,Raynham,MA,41.904,-71.032
Walmart Supercenter,Plymouth,MA,41.955,-70.718
Walmart Supercenter,Boston,MA,42.334,-71.076
Walmart,Lynn,MA,42.449,-70.961
Walmart Supercenter,Wareham,MA,41.779,-70.747
Walmart Supercenter,Saugus,MA,42.472,-71.023
Walmart,Framingham,MA,42.301,-71.4
Walmart,Salem,MA,42.494,-70.935
Walmart Supercenter,Swansea,MA,41.755,-71.22
Walmart Supercenter,Fall River,MA,41.686,-71.141
Walmart,Danvers,MA,42.554,-70.968
Walmart,Fairhaven,MA,41.645,-70.888
Walmart Supercenter,North Dartmouth,MA,41.64,-71.008
Walmart,North Reading,MA,42.568,-71.109
Walmart Supercenter,Hudson,MA,42.373,-71.559
Walmart Supercenter,Leominster,MA,42.492,-71.729
Walmart,Chelmsford,MA,42.623,-71.361
Walmart Supercenter,Tewksbury,MA,42.623,-71.27
Walmart,Hudson,NH,42.728,-71.422
Walmart,Methuen,MA,42.743,-71.165
Walmart Supercenter,Salem,NH,42.801,-71.241
Walmart Supercenter,Amherst,NH,42.81,-71.579
Walmart,Plaistow,NH,42.826,-71.11
Walmart,Lunenburg,MA,42.595,-71.76
Walmart Supercenter,Derry,NH,42.902,-71.326
Walmart Supercenter,Manchester,NH,42.956,-71.445
Walmart Supercenter,Hooksett,NH,43.041,-71.474
Walmart Supercenter,Seabrook,NH,42.895,-70.867
Walmart Supercenter,Gardner,MA,42.551,-71.995
Walmart Supercenter,Epping,NH,43.027,-71.068
Walmart Supercenter,Orange,MA,42.589,-72.284
Walmart Supercenter,Portsmouth,NH,43.034,-70.789
Walmart,Teaticket,MA,41.562,-70.594
Walmart,Newport,RI,41.509,-71.317
Walmart,Rindge,NH,42.742,-72.038
Walmart,Keene,NH,42.923,-72.287
Walmart Supercenter,Hinsdale,NH,42.811,-72.533
Walmart,Pittsfield,MA,42.468,-73.2
Walmart Supercenter,North Adams,MA,42.664,-73.11
Walmart,Newington,NH,43.1,-70.804
Walmart Supercenter,Bennington,VT,42.899,-73.21
Walmart Supercenter,Troy,NY,42.746,-73.639
Walmart Supercenter,East Greenbush,NY,42.644,-73.701
Walmart Supercenter,Latham,NY,42.749,-73.764
Walmart Supercenter,Clifton Park,NY,42.847,-73.749
Walmart Supercenter,Hudson,NY,42.278,-73.75
Walmart Supercenter,Glenmont,NY,42.609,-73.793
Walmart Supercenter,Albany,NY,42.695,-73.847
Walmart Supercenter,Fallston,MD,39.498,-76.385
Walmart,Baltimore,MD,39.337,-76.401
Walmart Supercenter,Nottingham,MD,39.379,-76.51
Walmart Supercenter,Baltimore,MD,39.337,-76.488
Walmart Supercenter,Dundalk,MD,39.285,-76.498
Walmart Supercenter,Cockeysville,MD,39.47,-76.642
Walmart Supercenter,Shrewsbury,PA,39.768,-76.668
Walmart Supercenter,Hampstead,MD,39.638,-76.868
Walmart,Westminster,MD,39.585,-76.984
Walmart Supercenter,Pocomoke City,MD,38.075,-75.557
Walmart Supercenter,California,MD,38.293,-76.503
Walmart Supercenter,King George,VA,38.351,-77.058
Walmart Supercenter,Tappahannock,VA,37.905,-76.865
Walmart Supercenter,Stafford,VA,38.471,-77.418
Walmart Supercenter,Hanover,PA,39.761,-76.962
Walmart Supercenter,Hanover,PA,39.824,-76.975
Walmart Supercenter,York,PA,39.979,-76.672
Walmart Supercenter,York,PA,39.969,-76.773
Clinic Pharmacy,Frederick,MD,39.368,-77.421
Walmart Supercenter,Frederick,MD,39.397,-77.411
Walmart Supercenter,Frederick,MD,39.449,-77.39
Walmart Supercenter,Hagerstown,MD,39.599,-77.733
Walmart Supercenter,Waynesboro,PA,39.743,-77.527
Walmart Supercenter,Charles Town,WV,39.3,-77.828
Walmart Supercenter,Hagerstown,MD,39.658,-77.749
Walmart Supercenter,Martinsburg,WV,39.543,-77.91
Walmart Supercenter,Martinsburg,WV,39.452,-77.987
Walmart,Gettysburg,PA,39.843,-77.204
Walmart Supercenter,Chambersburg,PA,39.925,-77.608
Walmart Supercenter,Shippensburg,PA,40.062,-77.498
Walmart Neighborhood Market,Stafford,VA,38.477,-77.473
Walmart Supercenter,Fredericksburg,VA,38.284,-77.438
Walmart Supercenter,Fredericksburg,VA,38.369,-77.529
Walmart Supercenter,Fredericksburg,VA,38.307,-77.514
Walmart Supercenter,Lavale,MD,39.625,-78.836
Walmart Supercenter,Keyser,WV,39.441,-78.977
Walmart Supercenter,Somerset,PA,40.051,-79.074
Walmart,Everett,PA,40.023,-78.447
Walmart Supercenter,Oakland,MD,39.422,-79.391
Walmart Supercenter,Lancaster,PA,40.032,-76.242
Walmart Supercenter,Kingwood,WV,39.469,-79.675
Walmart Supercenter,Grafton,WV,39.358,-79.996
Walmart Supercenter,Morgantown,WV,39.579,-79.959
Walmart Supercenter,Moorefield,WV,39.085,-78.959
Walmart Supercenter,Onley,VA,37.686,-75.724
Walmart Supercenter,Auburn,ME,44.118,-70.238
Walmart Supercenter,Oxford,ME,44.173,-70.513
Walmart Supercenter,Brunswick,ME,43.907,-69.908
Walmart Supercenter,Windham,ME,43.837,-70.445
Walmart,Falmouth,ME,43.724,-70.231
Walmart Supercenter,Augusta,ME,44.343,-69.79
Walmart Supercenter,Scarborough,ME,43.625,-70.344
Walmart Supercenter,Mexico,ME,44.538,-70.517
Walmart Supercenter,Waterville,ME,44.568,-69.644
Walmart Supercenter,Farmington,ME,44.63,-70.159
Walmart Supercenter,Skowhegan,ME,44.78,-69.731
Walmart Supercenter,Thomaston,ME,44.092,-69.138
Walmart Supercenter,Brewer,ME,44.774,-68.733
Walmart Supercenter,Bangor,ME,44.84,-68.749
Walmart Supercenter,Palmyra,ME,44.837,-69.295
Walmart Supercenter,Ellsworth,ME,44.525,-68.393
Walmart Supercenter,Biddeford,ME,43.475,-70.499
Walmart Supercenter,Sanford,ME,43.401,-70.7
Walmart Supercenter,Somersworth,NH,43.235,-70.881
Walmart Supercenter,Rochester,NH,43.334,-71.013
Walmart Supercenter,Calais,ME,45.174,-67.277
Walmart,Houlton,ME,46.143,-67.843
Walmart Supercenter,Gorham,NH,44.427,-71.194
Walmart Supercenter,North Conway,NH,44.017,-71.106
Walmart Supercenter,Presque Isle,ME,46.699,-68.013
Walmart Supercenter,Gilford,NH,43.565,-71.439
Walmart Supercenter,Adrian,MI,41.873,-84.031
Walmart Supercenter,Wauseon,OH,41.576,-84.136
Walmart Supercenter,Toledo,OH,41.675,-83.681
Walmart Supercenter,Saline,MI,42.189,-83.735
Clinic Pharmacy,Saline,MI,42.162,-83.692
Walmart Supercenter,Holland,OH,41.617,-83.699
Walmart Supercenter,Toledo,OH,41.61,-83.613
Walmart Supercenter,Jackson,MI,42.248,-84.437
Walmart Supercenter,Perrysburg,OH,41.55,-83.593
Walmart Supercenter,Monroe,MI,41.952,-83.397
Walmart Supercenter,Napoleon,OH,41.404,-84.135
Walmart Supercenter,Oregon,OH,41.64,-83.46
Walmart Supercenter,Alma,MI,43.403,-84.664
Walmart Supercenter,Mount Pleasant,MI,43.573,-84.76
Walmart Supercenter,Saint Johns,MI,42.979,-84.539
Walmart Supercenter,Midland,MI,43.661,-84.238
Walmart Supercenter,Saginaw,MI,43.434,-84.031
Walmart Supercenter,Greenville,MI,43.179,-85.29
Walmart Supercenter,Alpena,MI,45.064,-83.476
Walmart Supercenter,Bad Axe,MI,43.818,-83.005
Walmart Supercenter,Sandusky,MI,43.418,-82.856
Walmart Supercenter,Caro,MI,43.501,-83.385
Walmart Supercenter,Battle Creek,MI,42.258,-85.177
Walmart Supercenter,Kalamazoo,MI,42.332,-85.51
Walmart Supercenter,Portage,MI,42.195,-85.6
Walmart Supercenter,Hastings,MI,42.648,-85.32
Walmart Supercenter,Kalamazoo,MI,42.293,-85.686
Walmart Supercenter,Charlotte,MI,42.58,-84.804
Walmart Supercenter,Plainwell,MI,42.448,-85.672
Walmart Supercenter,Bay City,MI,43.625,-83.897
Walmart Supercenter,Saginaw,MI,43.49,-83.97
Walmart Supercenter,Clio,MI,43.175,-83.777
Walmart Supercenter,South Haven,MI,42.406,-86.251
Walmart Supercenter,Paw Paw,MI,42.206,-85.879
Walmart Supercenter,Big Rapids,MI,43.688,-85.511
Walmart Supercenter,Fremont,MI,43.47,-85.976
Walmart Supercenter,Burton,MI,43.022,-83.601
Walmart Supercenter,Grand Blanc,MI,42.939,-83.65
Walmart Supercenter,Flint,MI,43.0,-83.764
Walmart Supercenter,Fenton,MI,42.792,-83.744
Walmart Supercenter,Lapeer,MI,43.054,-83.3
Walmart Supercenter,White Lake,MI,42.657,-83.468
Walmart Supercenter,Owosso,MI,42.999,-84.138
Walmart Supercenter,Howell,MI,42.586,-83.878
Walmart Supercenter,Commerce,MI,42.559,-83.443
Walmart Supercenter,Rochester Hills,MI,42.643,-83.198
Walmart Supercenter,New Hudson,MI,42.514,-83.614
Walmart Supercenter,Fowlerville,MI,42.648,-84.079
Walmart Supercenter,Cadillac,MI,44.284,-85.398
Walmart Supercenter,Traverse City,MI,44.728,-85.633
Walmart Supercenter,Canton,MI,42.269,-83.489
Walmart Supercenter,Canton,MI,42.325,-83.43
Walmart Supercenter,Van Buren Twp,MI,42.226,-83.488
Walmart Supercenter,Livonia,MI,42.366,-83.337
Walmart Supercenter,Livonia,MI,42.43,-83.341
Walmart Supercenter,Taylor,MI,42.254,-83.266
Walmart Supercenter,Novi,MI,42.482,-83.471
Walmart Supercenter,Dearborn,MI,42.331,-83.21
Walmart Supercenter,Southgate,MI,42.202,-83.211
Walmart Supercenter,Woodhaven,MI,42.136,-83.228
Walmart Supercenter,Troy,MI,42.544,-83.172
Walmart Supercenter,Warren,MI,42.508,-83.027
Walmart Supercenter,Sterling Heights,MI,42.538,-83.032
Walmart,Sterling Heights,MI,42.622,-83.057
Walmart Supercenter,Roseville,MI,42.508,-82.926
Walmart Supercenter,Lansing,MI,42.738,-84.676
Walmart,Lansing,MI,42.766,-84.522
Walmart,Okemos,MI,42.729,-84.407
Walmart Supercenter,Ionia,MI,42.943,-85.079
Walmart Supercenter,Cheboygan,MI,45.627,-84.478
Walmart Supercenter,Petoskey,MI,45.35,-84.974
Walmart Supercenter,Chesterfield,MI,42.635,-82.853
Walmart Supercenter,Clinton Township,MI,42.626,-82.938
Walmart Supercenter,Shelby Township,MI,42.673,-83.01
Walmart Supercenter,Fort Gratiot,MI,43.048,-82.458
Walmart Supercenter,Comstock Park,MI,43.036,-85.694
Walmart Supercenter,Grand Rapids,MI,42.914,-85.522
Walmart Supercenter,Wyoming,MI,42.868,-85.673
Walmart Supercenter,Grandville,MI,42.882,-85.78
Walmart Supercenter,Holland,MI,42.809,-86.091
Walmart Supercenter,Grand Haven,MI,43.036,-86.217
Walmart Supercenter,Muskegon,MI,43.202,-86.198
Walmart Supercenter,Muskegon,MI,43.193,-86.267
Walmart Supercenter,Escanaba,MI,45.752,-87.083
Walmart Supercenter,Whitehall,MI,43.407,-86.31
Walmart Supercenter,Gaylord,MI,45.023,-84.691
Walmart Supercenter,Houghton,MI,47.106,-88.588
Walmart Supercenter,Houghton Lake,MI,44.298,-84.681
Walmart Supercenter,West Branch,MI,44.254,-84.229
Walmart Supercenter,Iron Mountain,MI,45.809,-88.041
Walmart Supercenter,Ironwood,MI,46.467,-90.125
Walmart Supercenter,Ashland,WI,46.606,-90.853
Walmart Supercenter,Ludington,MI,43.958,-86.401
Walmart Supercenter,Marquette,MI,46.547,-87.46
Walmart Supercenter,Sault Sainte Marie,MI,46.466,-84.37
Walmart Supercenter,Tawas City,MI,44.278,-83.504
Walmart Supercenter,Albert Lea,MN,43.664,-93.326
Walmart Supercenter,Austin,MN,43.685,-92.986
Walmart Supercenter,Owatonna,MN,44.096,-93.25
Walmart Supercenter,Waseca,MN,44.097,-93.509
Walmart Supercenter,Alexandria,MN,45.848,-95.384
Walmart Supercenter,Sauk Centre,MN,45.721,-94.947
Walmart Supercenter,Andover,MN,45.221,-93.312
Walmart Supercenter,Blaine,MN,45.18,-93.239
Walmart Supercenter,Fridley,MN,45.121,-93.265
Walmart Supercenter,Blaine,MN,45.16,-93.16
Walmart Supercenter,Brooklyn Park,MN,45.101,-93.385
Walmart Supercenter,Maple Grove,MN,45.104,-93.454
Walmart Supercenter,Elk River,MN,45.3,-93.549
Walmart Supercenter,Forest Lake,MN,45.276,-93.001
Walmart Supercenter,Roseville,MN,45.022,-93.183
Walmart Supercenter,Vadnais Heights,MN,45.049,-93.064
Walmart Supercenter,Cambridge,MN,45.57,-93.198
Walmart Supercenter,Monticello,MN,45.284,-93.802
Walmart Supercenter,Saint Paul,MN,44.899,-93.08
Walmart Supercenter,Bloomington,MN,44.861,-93.265
Walmart Supercenter,Oak Park Heights,MN,45.033,-92.832
Walmart Supercenter,Eden Prairie,MN,44.856,-93.431
Walmart Supercenter,Woodbury,MN,44.946,-92.897
Walmart Supercenter,Princeton,MN,45.572,-93.602
Walmart,Eagan,MN,44.828,-93.162
Walmart Supercenter,Buffalo,MN,45.19,-93.878
Walmart Supercenter,Burnsville,MN,44.781,-93.285
Walmart,Inver Grove Heights,MN,44.863,-93.043
Walmart Supercenter,Shakopee,MN,44.779,-93.418
Walmart,Hudson,WI,44.961,-92.727
Walmart Supercenter,Cottage Grove,MN,44.811,-92.919
Walmart Supercenter,Apple Valley,MN,44.734,-93.226
Walmart Supercenter,Lakeville,MN,44.65,-93.297
Walmart Supercenter,Hastings,MN,44.74,-92.892
Walmart Supercenter,Faribault,MN,44.29,-93.305
Walmart Supercenter,Red Wing,MN,44.563,-92.582
Walmart Supercenter,Rochester,MN,43.987,-92.46
Walmart Supercenter,Baxter,MN,46.342,-94.25
Walmart Supercenter,Little Falls,MN,45.979,-94.335
Walmart Supercenter,Bemidji,MN,47.496,-94.909
Walmart Supercenter,New Richmond,WI,45.101,-92.537
Walmart Supercenter,Saint Croix Falls,WI,45.4,-92.604
Walmart Supercenter,Litchfield,MN,45.121,-94.491
Walmart Supercenter,St Cloud,MN,45.55,-94.202
Walmart Supercenter,Hutchinson,MN,44.872,-94.378
Walmart Supercenter,Sartell,MN,45.592,-94.188
Walmart Supercenter,Pine City,MN,45.818,-92.977
Walmart Supercenter,Cloquet,MN,46.704,-92.453
Walmart Supercenter,Hermantown,MN,46.817,-92.184
Walmart Supercenter,Superior,WI,46.694,-92.107
Walmart Supercenter,Crookston,MN,47.791,-96.608
Walmart Supercenter,Grand Forks,ND,47.887,-97.065
Walmart Supercenter,Grand Forks,ND,47.931,-97.114
Walmart Supercenter,Thief River Falls,MN,48.123,-96.207
Walmart Supercenter,Detroit Lakes,MN,46.826,-95.878
Walmart Supercenter,Dilworth,MN,46.882,-96.723
Walmart Supercenter,Fargo,ND,46.865,-96.866
Walmart Supercenter,Fargo,ND,46.801,-96.842
Walmart Supercenter,Fairmont,MN,43.682,-94.445
Walmart Supercenter,Mankato,MN,44.164,-93.951
Walmart Supercenter,Fergus Falls,MN,46.292,-96.124
Walmart Supercenter,Wahpeton,ND,46.284,-96.63
Walmart Supercenter,Grand Rapids,MN,47.203,-93.53
Walmart Supercenter,Hibbing,MN,47.398,-92.961
Walmart Supercenter,Mountain Iron,MN,47.521,-92.591
Walmart Supercenter,Willmar,MN,45.103,-95.034
Walmart Supercenter,New Ulm,MN,44.329,-94.505
Walmart Supercenter,Marshall,MN,44.433,-95.767
Walmart Supercenter,Montevideo,MN,44.952,-95.69
Walmart Supercenter,Redwood Falls,MN,44.54,-95.088
Walmart Supercenter,Park Rapids,MN,46.925,-95.034
Walmart Supercenter,Wadena,MN,46.453,-95.127
Walmart Supercenter,Rochester,MN,44.077,-92.511
Walmart Supercenter,Winona,MN,44.033,-91.617
Walmart Supercenter,Onalaska,WI,43.878,-91.183
Walmart Supercenter,La Crosse,WI,43.767,-91.212
Walmart Supercenter,Union,MO,38.434,-90.97
Walmart Supercenter,Washington,MO,38.54,-90.995
Walmart Supercenter,Aurora,MO,36.946,-93.715
Walmart Supercenter,Mount Vernon,MO,37.092,-93.826
Walmart Supercenter,Republic,MO,37.128,-93.459
Clinic Pharmacy,Springfield,MO,37.171,-93.43
Walmart Neighborhood Market,Springfield,MO,37.138,-93.343
Walmart Supercenter,Nixa,MO,37.061,-93.299
Walmart Supercenter,Springfield,MO,37.18,-93.352
Walmart Neighborhood Market,Springfield,MO,37.214,-93.481
Walmart Neighborhood Market,Springfield,MO,37.203,-93.351
Walmart Supercenter,Springfield,MO,37.154,-93.299
Walmart Supercenter,Ozark,MO,37.001,-93.228
Walmart Neighborhood Market,Springfield,MO,37.197,-93.296
Walmart Supercenter,Springfield,MO,37.144,-93.259
Walmart Neighborhood Market,Springfield,MO,37.19,-93.261
Walmart Supercenter,Springfield,MO,37.249,-93.314
Walmart Neighborhood Market,Springfield,MO,37.179,-93.218
Walmart Supercenter,Springfield,MO,37.242,-93.258
Walmart Supercenter,Ava,MO,36.962,-92.677
Walmart Supercenter,Mountain Grove,MO,37.15,-92.263
Walmart Supercenter,Marshfield,MO,37.34,-92.939
Walmart Supercenter,Bethany,MO,40.258,-94.043
Walmart Supercenter,Richmond,MO,39.264,-93.963
Walmart,Higginsville,MO,39.078,-93.737
Walmart Supercenter,Warrensburg,MO,38.78,-93.736
Walmart Supercenter,Bolivar,MO,37.595,-93.403
Walmart,Buffalo,MO,37.639,-93.106
Walmart Supercenter,Boonville,MO,38.952,-92.74
Walmart Supercenter,Columbia,MO,38.957,-92.382
Walmart Supercenter,Columbia,MO,38.913,-92.324
Walmart Supercenter,Columbia,MO,38.955,-92.297
Walmart Supercenter,Marshall,MO,39.113,-93.214
Walmart Supercenter,Sedalia,MO,38.709,-93.27
Walmart Supercenter,Troy,MO,38.989,-90.982
Walmart Supercenter,Wentzville,MO,38.815,-90.878
Walmart Supercenter,Brookfield,MO,39.768,-93.073
Walmart Supercenter,Chillicothe,MO,39.776,-93.556
Walmart,Macon,MO,39.754,-92.464
Walmart Supercenter,Lebanon,MO,37.663,-92.649
Walmart Supercenter,Camdenton,MO,38.026,-92.723
Walmart Supercenter,Clinton,MO,38.363,-93.751
Walmart Supercenter,Osage Beach,MO,38.15,-92.616
Walmart,Eldon,MO,38.335,-92.584
Walmart Supercenter,Versailles,MO,38.432,-92.859
Walmart Supercenter,Saint Robert,MO,37.826,-92.153
Walmart Supercenter,Cameron,MO,39.759,-94.234
Walmart Supercenter,Sikeston,MO,36.858,-89.584
Walmart Supercenter,Warrenton,MO,38.823,-91.143
Walmart Supercenter,Warsaw,MO,38.262,-93.371
Walmart Supercenter,Fulton,MO,38.864,-91.946
Walmart Supercenter,Mexico,MO,39.121,-91.891
Walmart Supercenter,Jefferson City,MO,38.581,-92.217
Walmart Supercenter,Jefferson City,MO,38.541,-92.119
Walmart Supercenter,Moberly,MO,39.447,-92.42
Walmart,Cuba,MO,38.073,-91.402
Walmart Supercenter,Sullivan,MO,38.221,-91.158
Walmart Supercenter,Owensville,MO,38.357,-91.478
Walmart Supercenter,Rolla,MO,37.938,-91.779
Walmart Supercenter,Salem,MO,37.636,-91.566
Walmart Supercenter,Desloge,MO,37.884,-90.513
Walmart Supercenter,Potosi,MO,37.924,-90.772
Walmart Supercenter,Fredericktown,MO,37.559,-90.32
Walmart Supercenter,Dexter,MO,36.803,-89.993
Walmart,Malden,MO,36.57,-89.972
Walmart Supercenter,Poplar Bluff,MO,36.755,-90.408
Walmart Neighborhood Market,Poplar Bluff,MO,36.79,-90.44
Walmart Supercenter,Houston,MO,37.313,-91.96
Walmart,Mountain View,MO,37.003,-91.706
Walmart Supercenter,Miami,OK,36.904,-94.88
Walmart Supercenter,Kirksville,MO,40.217,-92.579
Walmart Supercenter,Maryville,MO,40.33,-94.87
Walmart Supercenter,West Plains,MO,36.715,-91.874
Walmart Neighborhood Market,Tupelo,MS,34.255,-88.715
Walmart Supercenter,Tupelo,MS,34.258,-88.741
Walmart Supercenter,Tupelo,MS,34.309,-88.71
Walmart Supercenter,West Point,MS,33.586,-88.659
Walmart,Houston,MS,33.895,-88.989
Walmart Supercenter,Columbus,MS,33.519,-88.438
Walmart Supercenter,Batesville,MS,34.308,-89.916
Walmart Supercenter,Oxford,MS,34.362,-89.565
Walmart Supercenter,Senatobia,MS,34.629,-89.971
Walmart Neighborhood Market,Diberville,MS,30.437,-88.892
Walmart Supercenter,Diberville,MS,30.457,-88.895
Walmart Neighborhood Market,Biloxi,MS,30.403,-88.958
Walmart Neighborhood Market,Ocean Springs,MS,30.434,-88.829
Walmart Neighborhood Market,Biloxi,MS,30.443,-88.945
Walmart Supercenter,Biloxi,MS,30.392,-88.995
Walmart Supercenter,Ocean Springs,MS,30.41,-88.76
Walmart Neighborhood Market,Gulfport,MS,30.4,-89.019
Walmart Supercenter,Gulfport,MS,30.463,-89.101
Walmart Neighborhood Market,Gulfport,MS,30.452,-89.1
Walmart Supercenter,Pass Christian,MS,30.336,-89.189
Walmart Supercenter,Wiggins,MS,30.844,-89.147
Walmart Supercenter,Booneville,MS,34.677,-88.564
Walmart Supercenter,Corinth,MS,34.91,-88.502
Walmart,Ripley,MS,34.722,-88.95
Clinic Pharmacy,Blue Springs,MS,34.381,-88.894
Walmart Supercenter,New Albany,MS,34.493,-89.033
Walmart Supercenter,Selmer,TN,35.139,-88.574
Walmart Supercenter,Brookhaven,MS,31.582,-90.468
Walmart Supercenter,Hazlehurst,MS,31.872,-90.409
Walmart Supercenter,Mccomb,MS,31.262,-90.472
Walmart Supercenter,Byram,MS,32.186,-90.265
Walmart Supercenter,Richland,MS,32.22,-90.152
Walmart Supercenter,Jackson,MS,32.288,-90.269
Walmart Supercenter,Clinton,MS,32.327,-90.304
Walmart Supercenter,Pearl,MS,32.286,-90.047
Walmart Supercenter,Ridgeland,MS,32.402,-90.134
Walmart Supercenter,Flowood,MS,32.351,-90.024
Walmart Supercenter,Madison,MS,32.467,-90.132
Walmart Supercenter,Canton,MS,32.596,-90.07
Walmart Supercenter,Yazoo City,MS,32.873,-90.395
Walmart Supercenter,Carthage,MS,32.727,-89.547
Walmart Supercenter,Kosciusko,MS,33.055,-89.567
Walmart Supercenter,Philadelphia,MS,32.767,-89.128
Walmart Supercenter,Forest,MS,32.341,-89.485
Walmart Supercenter,Cleveland,MS,33.756,-90.715
Walmart Supercenter,Indianola,MS,33.459,-90.663
Walmart Supercenter,Greenwood,MS,33.53,-90.221
Walmart Supercenter,Vicksburg,MS,32.308,-90.891
Walmart Supercenter,Hattiesburg,MS,31.319,-89.38
Walmart Supercenter,Hattiesburg,MS,31.308,-89.321
Walmart Neighborhood Market,Starkville,MS,33.479,-88.794
Walmart Supercenter,Starkville,MS,33.444,-88.851
Walmart Supercenter,Savannah,TN,35.224,-88.215
Walmart Supercenter,Newton,MS,32.338,-89.139
Walmart Supercenter,Pontotoc,MS,34.285,-89.024
Walmart Supercenter,Grenada,MS,33.783,-89.835
Walmart Supercenter,Petal,MS,31.371,-89.225
Walmart Supercenter,Laurel,MS,31.709,-89.148
Walmart Supercenter,Holly Springs,MS,34.747,-89.459
Walmart Supercenter,Oakland,TN,35.226,-89.522
Walmart Supercenter,Louisville,MS,33.123,-89.086
Walmart Supercenter,Waynesboro,MS,31.688,-88.632
Walmart Supercenter,Magee,MS,31.869,-89.744
Walmart Supercenter,Meridian,MS,32.355,-88.683
Walmart Neighborhood Market,Meridian,MS,32.392,-88.681
Walmart Supercenter,Meridian,MS,32.385,-88.75
Walmart Supercenter,Billings,MT,45.829,-108.468
Walmart Supercenter,Billings,MT,45.758,-108.579
Walmart Supercenter,Laurel,MT,45.667,-108.759
Walmart Supercenter,Bozeman,MT,45.695,-111.042
Walmart Supercenter,Butte,MT,45.964,-112.511
Walmart Supercenter,Great Falls,MT,47.527,-111.296
Walmart Supercenter,Great Falls,MT,47.491,-111.219
Walmart Supercenter,Havre,MT,48.555,-109.737
Walmart Supercenter,Helena,MT,46.593,-111.99
Walmart Supercenter,Kalispell,MT,48.232,-114.326
Walmart Supercenter,Miles City,MT,46.404,-105.819
Walmart Supercenter,Missoula,MT,46.884,-114.042
Walmart Supercenter,Missoula,MT,46.832,-114.047
Walmart Supercenter,Polson,MT,47.684,-114.121
Walmart Supercenter,Aberdeen,NC,35.16,-79.424
Walmart Supercenter,Raeford,NC,35.007,-79.176
Walmart Neighborhood Market,Fayetteville,NC,35.055,-79.064
Walmart Supercenter,Fayetteville,NC,35.025,-79.053
Walmart Supercenter,Rockingham,NC,34.914,-79.736
Walmart Supercenter,Cameron,NC,35.244,-79.026
Walmart Neighborhood Market,Fayetteville,NC,35.04,-78.999
Walmart Supercenter,Laurinburg,NC,34.762,-79.484
Walmart Supercenter,Biscoe,NC,35.357,-79.798
Walmart Supercenter,Spring Lake,NC,35.174,-78.966
Walmart Supercenter,Fayetteville,NC,35.08,-78.956
Walmart Supercenter,Sanford,NC,35.443,-79.13
Walmart Supercenter,Hope Mills,NC,34.98,-78.964
Walmart Neighborhood Market,Hope Mills,NC,34.984,-78.933
Walmart Supercenter,Fayetteville,NC,35.124,-78.883
Walmart Supercenter,Fayetteville,NC,35.003,-78.903
Walmart Neighborhood Market,Saint Pauls,NC,34.808,-78.986
Walmart Supercenter,Pembroke,NC,34.687,-79.208
Walmart Supercenter,Ahoskie,NC,36.298,-76.987
Walmart Supercenter,Franklin,VA,36.668,-76.954
Walmart Supercenter,Williamston,NC,35.837,-77.065
Walmart Supercenter,Albemarle,NC,35.34,-80.176
Walmart Supercenter,Locust,NC,35.256,-80.457
Walmart Supercenter,Kannapolis,NC,35.463,-80.594
Walmart Supercenter,Concord,NC,35.392,-80.624
Walmart Supercenter,Salisbury,NC,35.655,-80.467
Walmart Neighborhood Market,Concord,NC,35.367,-80.666
Walmart Neighborhood Market,Charlotte,NC,35.334,-80.713
Walmart,Charlotte,NC,35.213,-80.689
Walmart Supercenter,Concord,NC,35.379,-80.725
Walmart Supercenter,Lexington,NC,35.794,-80.26
Walmart Supercenter,Monroe,NC,35.014,-80.564
Walmart Neighborhood Market,Charlotte,NC,35.201,-80.727
Walmart Supercenter,Indian Trail,NC,35.079,-80.65
Walmart Supercenter,Charlotte,NC,35.295,-80.758
Walmart Supercenter,Asheboro,NC,35.692,-79.79
Walmart Supercenter,Charlotte,NC,35.138,-80.735
Walmart Neighborhood Market,Lexington,NC,35.834,-80.276
Walmart Supercenter,Charlotte,NC,35.2,-80.776
Walmart Supercenter,Apex,NC,35.715,-78.843
Walmart Supercenter,Cary,NC,35.737,-78.782
Walmart Neighborhood Market,Cary,NC,35.786,-78.87
Walmart Neighborhood Market,Morrisville,NC,35.818,-78.845
Walmart Neighborhood Market,Cary,NC,35.802,-78.785
Walmart Supercenter,Holly Springs,NC,35.636,-78.834
Walmart Supercenter,Morrisville,NC,35.867,-78.846
Walmart Supercenter,Fuquay Varina,NC,35.595,-78.781
Walmart Supercenter,Raleigh,NC,35.719,-78.659
Walmart,Raleigh,NC,35.86,-78.708
Walmart Supercenter,Raleigh,NC,35.912,-78.778
Walmart Supercenter,Raleigh,NC,35.837,-78.608
Walmart Supercenter,Chapel Hill,NC,35.892,-79.058
Walmart Supercenter,Raleigh,NC,35.8,-78.56
Walmart Supercenter,Durham,NC,35.955,-78.999
Walmart Supercenter,Raleigh,NC,35.87,-78.565
Walmart Supercenter,Garner,NC,35.608,-78.555
Walmart Supercenter,Clayton,NC,35.662,-78.497
Walmart Supercenter,Durham,NC,36.029,-78.844
Walmart,Knightdale,NC,35.796,-78.491
Walmart Supercenter,Wake Forest,NC,35.952,-78.535
Walmart Supercenter,Hillsborough,NC,36.056,-79.085
Walmart Supercenter,Erwin,NC,35.323,-78.643
Walmart Supercenter,Zebulon,NC,35.831,-78.297
Walmart Supercenter,Siler City,NC,35.735,-79.427
Walmart Supercenter,Mebane,NC,36.067,-79.271
Walmart Supercenter,Smithfield,NC,35.523,-78.309
Walmart Supercenter,High Point,NC,35.925,-79.989
Walmart Neighborhood Market,Archdale,NC,35.898,-79.946
Walmart Supercenter,High Point,NC,35.995,-80.028
Walmart Supercenter,Thomasville,NC,35.856,-80.066
Walmart Neighborhood Market,High Point,NC,36.029,-79.965
Walmart Supercenter,Randleman,NC,35.82,-79.823
Walmart Supercenter,Greensboro,NC,36.058,-79.901
Walmart Neighborhood Market,Greensboro,NC,36.024,-79.877
Walmart Supercenter,Greensboro,NC,36.002,-79.8
Walmart Neighborhood Market,Greensboro,NC,36.088,-79.886
Walmart Neighborhood Market,Kernersville,NC,36.088,-80.101
Walmart Neighborhood Market,Greensboro,NC,36.04,-79.77
Walmart Supercenter,Kernersville,NC,36.112,-80.089
Walmart Supercenter,Greensboro,NC,36.135,-79.856
Walmart Supercenter,Winston Salem,NC,36.028,-80.263
Walmart Supercenter,Greensboro,NC,36.111,-79.756
Walmart Neighborhood Market,Winston Salem,NC,36.086,-80.294
Walmart Supercenter,Winston Salem,NC,36.068,-80.337
Walmart Neighborhood Market,Clemmons,NC,36.021,-80.38
Walmart Neighborhood Market,Winston Salem,NC,36.161,-80.277
Walmart Neighborhood Market,Winston Salem,NC,36.094,-80.367
Walmart Supercenter,Winston Salem,NC,36.192,-80.274
Walmart Supercenter,Burlington,NC,36.072,-79.499
Walmart Supercenter,King,NC,36.266,-80.365
Walmart Supercenter,Burlington,NC,36.091,-79.404
Walmart Supercenter,Mocksville,NC,35.927,-80.588
Walmart Supercenter,Mayodan,NC,36.42,-79.936
Walmart Supercenter,Arden,NC,35.456,-82.523
Walmart Supercenter,Asheville,NC,35.513,-82.527
Walmart Supercenter,Asheville,NC,35.577,-82.516
Walmart Supercenter,Hendersonville,NC,35.349,-82.438
Walmart Supercenter,Weaverville,NC,35.703,-82.579
Walmart,Pisgah Forest,NC,35.277,-82.704
Walmart Supercenter,Waynesville,NC,35.467,-83.01
Walmart Supercenter,Marion,NC,35.648,-82.03
Walmart Supercenter,Spruce Pine,NC,35.871,-82.044
Walmart Supercenter,Belmont,NC,35.255,-81.034
Walmart Neighborhood Market,Gastonia,NC,35.243,-81.125
Walmart Supercenter,Gastonia,NC,35.261,-81.125
Walmart Supercenter,Charlotte,NC,35.33,-80.946
Walmart Supercenter,Charlotte,NC,35.226,-80.895
Walmart Supercenter,Lake Wylie,SC,35.121,-81.085
Walmart Supercenter,Charlotte,NC,35.143,-80.931
Walmart Neighborhood Market,Dallas,NC,35.317,-81.197
Walmart Supercenter,Gastonia,NC,35.261,-81.227
Walmart Supercenter,Tega Cay,SC,35.047,-80.994
Walmart Supercenter,Denver,NC,35.452,-81.002
Walmart Neighborhood Market,Charlotte,NC,35.09,-80.86
Walmart Supercenter,Huntersville,NC,35.371,-80.828
Walmart Neighborhood Market,Fort Mill,SC,35.006,-80.931
Walmart Supercenter,Charlotte,NC,35.097,-80.782
Walmart Neighborhood Market,Kings Mountain,NC,35.238,-81.363
Walmart Supercenter,Rock Hill,SC,34.98,-81.09
Walmart Supercenter,Indian Land,SC,34.952,-80.849
Walmart Neighborhood Market,Rock Hill,SC,34.953,-81.018
Walmart Supercenter,Lincolnton,NC,35.484,-81.24
Walmart Supercenter,Cherryville,NC,35.401,-81.341
Walmart Supercenter,York,SC,34.984,-81.213
Walmart Supercenter,Rock Hill,SC,34.944,-80.964
Walmart Neighborhood Market,Waxhaw,NC,34.958,-80.756
Walmart Supercenter,Mooresville,NC,35.59,-80.855
Walmart Neighborhood Market,Mooresville,NC,35.578,-80.791
Walmart Supercenter,Shelby,NC,35.277,-81.53
Walmart Neighborhood Market,Newton,NC,35.68,-81.231
Walmart Supercenter,Hickory,NC,35.703,-81.287
Walmart Supercenter,Conover,NC,35.727,-81.21
Walmart Supercenter,Boone,NC,36.197,-81.66
Walmart Supercenter,West Jefferson,NC,36.389,-81.481
Walmart Supercenter,Lenoir,NC,35.928,-81.53
Walmart Neighborhood Market,Hudson,NC,35.859,-81.483
Walmart Supercenter,Wilkesboro,NC,36.15,-81.193
Walmart Neighborhood Market,Morganton,NC,35.753,-81.718
Walmart Supercenter,Elizabethton,TN,36.349,-82.245
Walmart Supercenter,Morganton,NC,35.727,-81.701
Walmart Supercenter,Granite Falls,NC,35.781,-81.394
Walmart Supercenter,Burgaw,NC,34.562,-77.918
Walmart Supercenter,Wallace,NC,34.739,-77.969
Walmart Supercenter,Wilmington,NC,34.296,-77.799
Walmart Supercenter,Wilmington,NC,34.243,-77.874
Walmart Neighborhood Market,Surf City,NC,34.448,-77.564
Walmart Supercenter,Leland,NC,34.21,-78.023
Walmart Supercenter,Wilmington,NC,34.146,-77.897
Walmart Supercenter,Jacksonville,NC,34.752,-77.464
Walmart Supercenter,Richlands,NC,34.908,-77.568
Walmart Neighborhood Market,Jacksonville,NC,34.8,-77.417
Walmart Supercenter,Jacksonville,NC,34.78,-77.392
Walmart Supercenter,Reidsville,NC,36.384,-79.667
Walmart Supercenter,Eden,NC,36.488,-79.734
Walmart Supercenter,Roxboro,NC,36.375,-78.985
Walmart Supercenter,Danville,VA,36.596,-79.43
Walmart Supercenter,Louisburg,NC,36.083,-78.321
Walmart Supercenter,Lancaster,SC,34.734,-80.785
Walmart Neighborhood Market,Hickory,NC,35.719,-81.348
Walmart Supercenter,Gaffney,SC,35.088,-81.666
Walmart Neighborhood Market,Hickory,NC,35.753,-81.286
Walmart Supercenter,Forest City,NC,35.335,-81.899
Walmart Supercenter,Goldsboro,NC,35.429,-78.065
Walmart Supercenter,Wilson,NC,35.734,-77.949
Walmart Neighborhood Market,Wilson,NC,35.752,-77.929
Walmart Neighborhood Market,Goldsboro,NC,35.414,-77.939
Walmart Supercenter,Goldsboro,NC,35.386,-77.946
Walmart Supercenter,Elkin,NC,36.276,-80.832
Walmart Supercenter,Statesville,NC,35.811,-80.869
Walmart Supercenter,Mount Airy,NC,36.472,-80.618
Walmart Supercenter,Clinton,NC,34.991,-78.35
Walmart Supercenter,Mount Olive,NC,35.211,-78.072
Walmart,Elizabethtown,NC,34.632,-78.621
Walmart Neighborhood Market,Goldsboro,NC,35.346,-77.915
Walmart Supercenter,Taylorsville,NC,35.909,-81.176
Walmart Supercenter,Oxford,NC,36.28,-78.603
Walmart Supercenter,Henderson,NC,36.334,-78.443
Walmart Supercenter,Martinsville,VA,36.697,-79.854
Walmart Neighborhood Market,Danville,VA,36.627,-79.399
Walmart Supercenter,Stuart,VA,36.639,-80.245
Walmart Supercenter,Elizabeth City,NC,36.296,-76.298
Walmart Supercenter,Chesapeake,VA,36.654,-76.234
Walmart Neighborhood Market,Chesapeake,VA,36.71,-76.262
Walmart Supercenter,Chesapeake,VA,36.721,-76.309
Walmart Neighborhood Market,Chesapeake,VA,36.744,-76.225
Walmart Supercenter,Kitty Hawk,NC,36.096,-75.721
Walmart Supercenter,Chesapeake,VA,36.772,-76.251
Walmart Neighborhood Market,Virginia Beach,VA,36.781,-76.189
Walmart Supercenter,Virginia Beach,VA,36.759,-76.009
Walmart Neighborhood Market,Lumberton,NC,34.635,-78.983
Walmart Supercenter,Lumberton,NC,34.665,-79.002
Walmart Supercenter,Whiteville,NC,34.303,-78.725
Walmart Supercenter,Galax,VA,36.693,-80.881
Walmart Supercenter,Boiling Springs,SC,35.05,-81.986
Walmart Supercenter,Spartanburg,SC,34.973,-81.877
Walmart Supercenter,Spartanburg,SC,34.933,-81.985
Walmart Neighborhood Market,Spartanburg,SC,34.921,-81.886
Walmart Supercenter,Greer,SC,34.944,-82.207
Walmart Neighborhood Market,Greer,SC,34.945,-82.248
Walmart Supercenter,Nashville,NC,35.97,-77.934
Walmart Supercenter,Rocky Mount,NC,35.978,-77.812
Walmart Supercenter,Kinston,NC,35.265,-77.647
Walmart Supercenter,Grantsboro,NC,35.143,-76.836
Walmart Neighborhood Market,New Bern,NC,35.125,-77.089
Walmart Supercenter,New Bern,NC,35.101,-77.087
Walmart Supercenter,Havelock,NC,34.914,-76.937
Walmart Neighborhood Market,Newport,NC,34.776,-76.873
Walmart Supercenter,Morehead City,NC,34.735,-76.812
Walmart Supercenter,Washington,NC,35.56,-77.064
Walmart Supercenter,Swansboro,NC,34.701,-77.149
Walmart Supercenter,Greenville,NC,35.577,-77.388
Walmart Neighborhood Market,Greenville,NC,35.607,-77.432
Walmart Neighborhood Market,Greenville,NC,35.567,-77.357
Walmart Neighborhood Market,Winterville,NC,35.559,-77.405
Walmart Supercenter,Greenville,NC,35.58,-77.306
Walmart Supercenter,Tarboro,NC,35.883,-77.545
Walmart Supercenter,South Hill,VA,36.71,-78.106
Walmart Supercenter,Travelers Rest,SC,34.961,-82.431
Walmart Neighborhood Market,Greenville,SC,34.912,-82.431
Walmart Supercenter,Taylors,SC,34.908,-82.332
Walmart Neighborhood Market,Greenville,SC,34.883,-82.355
Walmart Supercenter,Greenville,SC,34.857,-82.454
Walmart Supercenter,Greenville,SC,34.862,-82.264
Walmart Supercenter,Pickens,SC,34.869,-82.693
Walmart Supercenter,Easley,SC,34.828,-82.549
Walmart Supercenter,Bennettsville,SC,34.639,-79.703
Walmart Supercenter,Dillon,SC,34.436,-79.377
Walmart Supercenter,Cheraw,SC,34.7,-79.934
Walmart Supercenter,Southport,NC,33.943,-78.032
Walmart Supercenter,Shallotte,NC,33.983,-78.374
Walmart Supercenter,Madisonville,TN,35.532,-84.341
Walmart Supercenter,South Boston,VA,36.736,-78.911
Walmart Supercenter,Sylva,NC,35.362,-83.204
Walmart Supercenter,Greenville,SC,34.789,-82.478
Walmart Supercenter,Roanoke Rapids,NC,36.428,-77.634
Walmart Supercenter,Emporia,VA,36.707,-77.545
Walmart Supercenter,North Myrtle Beach,SC,33.845,-78.655
Walmart Supercenter,Myrtle Beach,SC,33.787,-78.769
Walmart Neighborhood Market,Myrtle Beach,SC,33.718,-78.857
Walmart Supercenter,Unicoi,TN,36.188,-82.373
Walmart Supercenter,Johnson City,TN,36.309,-82.404
Walmart Supercenter,Chester,SC,34.7,-81.192
Walmart Supercenter,Newport,TN,35.944,-83.212
Walmart,Marion,VA,36.846,-81.501
Walmart Supercenter,Abingdon,VA,36.714,-81.928
Walmart Supercenter,Bismarck,ND,46.791,-100.75
Walmart Supercenter,Bismarck,ND,46.858,-100.769
Walmart Supercenter,Mandan,ND,46.847,-100.903
Walmart Supercenter,Bottineau,ND,48.819,-100.432
Walmart Supercenter,Devils Lake,ND,48.098,-98.842
Walmart Supercenter,Dickinson,ND,46.908,-102.788
Walmart Supercenter,Jamestown,ND,46.881,-98.723
Walmart Supercenter,Minot,ND,48.195,-101.3
Walmart Supercenter,Williston,ND,48.183,-103.629
Walmart Supercenter,Fairbury,NE,40.163,-97.175
Walmart Supercenter,Crete,NE,40.641,-96.939
Walmart Supercenter,Lincoln,NE,40.73,-96.685
Walmart Supercenter,Lincoln,NE,40.736,-96.599
Walmart Supercenter,Chadron,NE,42.827,-103.022
Walmart Supercenter,Columbus,NE,41.441,-97.317
Walmart Supercenter,Seward,NE,40.876,-97.101
Walmart Supercenter,Lincoln,NE,40.858,-96.678
Walmart Supercenter,Lincoln,NE,40.849,-96.602
Walmart Supercenter,Grand Island,NE,40.943,-98.387
Walmart Supercenter,Grand Island,NE,40.886,-98.337
Walmart Supercenter,Hastings,NE,40.624,-98.386
Walmart Supercenter,Kearney,NE,40.726,-99.082
Walmart Supercenter,Lexington,NE,40.745,-99.743
Walmart Supercenter,Mccook,NE,40.199,-100.644
Walmart Supercenter,Norfolk,NE,42.023,-97.444
Walmart Supercenter,North Platte,NE,41.121,-100.758
Walmart Supercenter,Ogallala,NE,41.114,-101.719
Walmart Supercenter,Scottsbluff,NE,41.88,-103.678
Walmart Supercenter,York,NE,40.828,-97.593
Walmart Supercenter,Sidney,NE,41.117,-102.945
Walmart Supercenter,Concord,NH,43.228,-71.48
Walmart Supercenter,Claremont,NH,43.395,-72.372
Walmart,West Lebanon,NH,43.624,-72.323
Walmart Supercenter,Tilton,NH,43.454,-71.577
Walmart Supercenter,Plymouth,NH,43.77,-71.741
Walmart,Littleton,NH,44.306,-71.803
Walmart Supercenter,Woodsville,NH,44.141,-72.025
Walmart,Rutland,VT,43.605,-72.98
Walmart Supercenter,Berlin,VT,44.217,-72.565
Walmart Supercenter,Mount Laurel,NJ,39.931,-74.964
Walmart,Marlton,NJ,39.896,-74.915
Walmart Supercenter,Cinnaminson,NJ,40.006,-74.976
Walmart Supercenter,West Berlin,NJ,39.808,-74.928
Walmart,Philadelphia,PA,40.029,-75.1
Walmart,Philadelphia,PA,40.083,-75.023
Walmart,Wyncote,PA,40.082,-75.169
Walmart Supercenter,Philadelphia,PA,40.083,-74.963
Walmart Supercenter,Burlington,NJ,40.05,-74.84
Walmart,Lumberton,NJ,39.978,-74.769
Walmart,Bensalem,PA,40.136,-74.968
Walmart Supercenter,Willow Grove,PA,40.159,-75.139
Walmart Supercenter,Warminster,PA,40.195,-75.081
Walmart Supercenter,Levittown,PA,40.142,-74.823
Walmart,Hammonton,NJ,39.647,-74.783
Walmart Supercenter,Warrington,PA,40.22,-75.138
Walmart Supercenter,Hatfield,PA,40.291,-75.264
Walmart Supercenter,Hamilton,NJ,40.233,-74.715
Walmart,Hamilton,NJ,40.195,-74.634
Walmart,Harleysville,PA,40.286,-75.398
Walmart Supercenter,Bayonne,NJ,40.66,-74.107
Walmart Supercenter,Kearny,NJ,40.747,-74.137
Walmart Supercenter,Linden,NJ,40.617,-74.253
Walmart Supercenter,Secaucus,NJ,40.775,-74.06
Walmart,Union,NJ,40.687,-74.3
Walmart Supercenter,North Bergen,NJ,40.814,-74.013
Walmart Supercenter,Carlstadt,NJ,40.83,-74.051
Walmart,Woodbridge,NJ,40.537,-74.296
Walmart Supercenter,Teterboro,NJ,40.862,-74.062
Walmart Supercenter,Garfield,NJ,40.867,-74.101
Walmart,Saddle Brook,NJ,40.891,-74.095
Walmart,Watchung,NJ,40.642,-74.42
Walmart,Edison,NJ,40.532,-74.376
Walmart,Old Bridge,NJ,40.448,-74.301
Walmart,Piscataway,NJ,40.555,-74.441
Walmart,Cedar Knolls,NJ,40.81,-74.457
Walmart Supercenter,Valley Stream,NY,40.662,-73.715
Walmart Supercenter,East Brunswick,NJ,40.417,-74.369
Walmart,Boonton,NJ,40.909,-74.403
Walmart Supercenter,Old Bridge,NJ,40.374,-74.319
Walmart Supercenter,North Brunswick,NJ,40.462,-74.465
Walmart,Riverdale,NJ,40.993,-74.312
Walmart Supercenter,Manville,NJ,40.547,-74.584
Walmart,Rockaway,NJ,40.907,-74.563
Walmart Supercenter,Neptune,NJ,40.225,-74.085
Walmart,Suffern,NY,41.113,-74.106
Walmart Supercenter,Freehold,NJ,40.243,-74.294
Walmart Supercenter,Ledgewood,NJ,40.875,-74.651
Walmart,Flanders,NJ,40.882,-74.708
Walmart,Franklin,NJ,41.116,-74.579
Walmart,Newton,NJ,41.07,-74.739
Walmart Supercenter,Hackettstown,NJ,40.819,-74.84
Walmart Supercenter,Monroe,NY,41.318,-74.148
Walmart,Clinton,NJ,40.633,-74.918
Walmart Supercenter,Flemington,NJ,40.526,-74.855
Walmart Supercenter,Brick,NJ,40.073,-74.124
Walmart Supercenter,Howell,NJ,40.131,-74.226
Walmart,Toms River,NJ,39.976,-74.239
Walmart Supercenter,Lanoka Harbor,NJ,39.859,-74.179
Walmart Supercenter,East Windsor,NJ,40.254,-74.553
Walmart,Manahawkin,NJ,39.701,-74.275
Walmart Supercenter,Little Egg Harbor,NJ,39.601,-74.357
Walmart Supercenter,Mays Landing,NJ,39.453,-74.653
Walmart Supercenter,Phillipsburg,NJ,40.675,-75.145
Walmart Supercenter,Easton,PA,40.715,-75.281
Walmart,Bethlehem,PA,40.644,-75.319
Walmart Supercenter,Quakertown,PA,40.447,-75.363
Walmart Supercenter,East Stroudsburg,PA,40.99,-75.183
Walmart Supercenter,Whitehall,PA,40.647,-75.491
Walmart Supercenter,Egg Hbr Twp,NJ,39.396,-74.553
Walmart Supercenter,East Greenville,PA,40.413,-75.508
Walmart Supercenter,Malone,NY,44.846,-74.329
Walmart Supercenter,Potsdam,NY,44.661,-75.026
Walmart Supercenter,Massena,NY,44.922,-74.877
Walmart Supercenter,Mount Pocono,PA,41.126,-75.372
Walmart Supercenter,Milford,PA,41.35,-74.734
Walmart Supercenter,Oneida,NY,43.078,-75.691
Walmart Supercenter,New Hartford,NY,43.095,-75.312
Walmart Supercenter,Norwich,NY,42.497,-75.527
Walmart Supercenter,Utica,NY,43.124,-75.226
Walmart Supercenter,Rome,NY,43.235,-75.502
Walmart Supercenter,East Syracuse,NY,43.061,-76.06
Walmart Supercenter,Herkimer,NY,43.023,-74.994
Walmart Supercenter,Middletown,NY,41.455,-74.379
Walmart Supercenter,Allentown,PA,40.554,-75.579
Walmart Supercenter,Lehighton,PA,40.812,-75.74
Walmart Supercenter,Bechtelsville,PA,40.36,-75.627
Walmart Supercenter,Alamogordo,NM,32.887,-105.958
Walmart Neighborhood Market,Alamogordo,NM,32.916,-105.93
Walmart Supercenter,Albuquerque,NM,35.112,-106.608
Walmart Supercenter,Albuquerque,NM,35.111,-106.701
Walmart Neighborhood Market,Albuquerque,NM,35.105,-106.592
Walmart Neighborhood Market,Albuquerque,NM,35.103,-106.728
Walmart Supercenter,Albuquerque,NM,35.025,-106.714
Walmart Neighborhood Market,Albuquerque,NM,35.055,-106.739
Walmart Supercenter,Albuquerque,NM,35.106,-106.549
Walmart Supercenter,Albuquerque,NM,35.08,-106.53
Walmart Neighborhood Market,Albuquerque,NM,35.181,-106.688
Walmart Supercenter,Albuquerque,NM,35.145,-106.551
Walmart Neighborhood Market,Albuquerque,NM,35.109,-106.518
Walmart Neighborhood Market,Albuquerque,NM,35.13,-106.517
Walmart Supercenter,Albuquerque,NM,35.204,-106.657
Walmart Neighborhood Market,Rio Rancho,NM,35.239,-106.658
Walmart Supercenter,Rio Rancho,NM,35.243,-106.7
Walmart Supercenter,Bernalillo,NM,35.32,-106.572
Walmart Supercenter,Los Lunas,NM,34.817,-106.764
Walmart Supercenter,Edgewood,NM,35.071,-106.188
Walmart Supercenter,Belen,NM,34.697,-106.768
Walmart Supercenter,Artesia,NM,32.849,-104.429
Walmart Supercenter,Carlsbad,NM,32.394,-104.223
Walmart Supercenter,Clovis,NM,34.438,-103.2
Walmart Supercenter,Portales,NM,34.199,-103.32
Walmart Supercenter,Deming,NM,32.27,-107.747
Walmart Supercenter,Espanola,NM,36.015,-106.065
Walmart,Santa Fe,NM,35.652,-106.0
Walmart Supercenter,Santa Fe,NM,35.62,-106.032
Walmart Supercenter,Farmington,NM,36.732,-108.226
Walmart Supercenter,Farmington,NM,36.765,-108.153
Walmart Supercenter,Gallup,NM,35.529,-108.769
Walmart Supercenter,Grants,NM,35.135,-107.836
Walmart Supercenter,Hobbs,NM,32.743,-103.161
Walmart,Seminole,TX,32.725,-102.667
Walmart Supercenter,Las Cruces,NM,32.315,-106.75
Walmart Supercenter,Las Cruces,NM,32.289,-106.785
Walmart Neighborhood Market,Las Cruces,NM,32.328,-106.722
Walmart Supercenter,Las Cruces,NM,32.36,-106.746
Walmart Supercenter,El Paso,TX,31.885,-106.578
Walmart Neighborhood Market,El Paso,TX,31.862,-106.587
Walmart Neighborhood Market,El Paso,TX,31.926,-106.441
Walmart Neighborhood Market,El Paso,TX,31.861,-106.559
Walmart Supercenter,Las Vegas,NM,35.62,-105.227
Walmart Supercenter,Roswell,NM,33.45,-104.527
Walmart Supercenter,Ruidoso Downs,NM,33.324,-105.614
Walmart Supercenter,Silver City,NM,32.79,-108.248
Walmart Supercenter,Socorro,NM,34.065,-106.889
Walmart,Taos,NM,36.388,-105.586
Walmart Supercenter,Truth Or Consequences,NM,33.153,-107.25
Walmart Supercenter,Carson City,NV,39.188,-119.758
Walmart Supercenter,Carson City,NV,39.112,-119.778
Walmart Supercenter,Gardnerville,NV,38.924,-119.722
Walmart Supercenter,Reno,NV,39.422,-119.757
Walmart Supercenter,Reno,NV,39.48,-119.798
Walmart Supercenter,Reno,NV,39.529,-119.782
Walmart Supercenter,Reno,NV,39.536,-119.867
Walmart Supercenter,Sparks,NV,39.584,-119.746
Walmart Supercenter,Reno,NV,39.615,-119.853
Walmart Supercenter,Elko,NV,40.84,-115.794
Walmart Supercenter,Fallon,NV,39.478,-118.806
Walmart Supercenter,Fernley,NV,39.609,-119.216
Walmart Supercenter,Henderson,NV,36.039,-114.978
Walmart Supercenter,Henderson,NV,36.061,-115.034
Walmart Neighborhood Market,Henderson,NV,36.041,-115.048
Walmart Supercenter,Las Vegas,NV,36.109,-115.063
Walmart Neighborhood Market,Las Vegas,NV,36.055,-115.12
Walmart Supercenter,Las Vegas,NV,36.022,-115.12
Walmart Supercenter,Las Vegas,NV,36.098,-115.108
Walmart Supercenter,Las Vegas,NV,36.08,-115.119
Walmart Neighborhood Market,Las Vegas,NV,36.014,-115.153
Walmart Neighborhood Market,Las Vegas,NV,36.157,-115.08
Walmart,Las Vegas,NV,36.165,-115.063
Walmart Neighborhood Market,Las Vegas,NV,36.197,-115.029
Walmart Supercenter,Las Vegas,NV,36.156,-115.204
Walmart Supercenter,Las Vegas,NV,36.02,-115.245
Walmart Supercenter,Las Vegas,NV,36.065,-115.249
Walmart Supercenter,Las Vegas,NV,36.123,-115.246
Walmart Supercenter,North Las Vegas,NV,36.201,-115.191
Walmart Neighborhood Market,Las Vegas,NV,36.16,-115.232
Walmart Supercenter,North Las Vegas,NV,36.237,-115.168
Walmart Neighborhood Market,Las Vegas,NV,36.195,-115.226
Walmart Neighborhood Market,North Las Vegas,NV,36.268,-115.115
Walmart Supercenter,Las Vegas,NV,36.094,-115.295
Walmart Neighborhood Market,North Las Vegas,NV,36.26,-115.181
Walmart,Las Vegas,NV,36.215,-115.245
Walmart Neighborhood Market,Las Vegas,NV,36.24,-115.224
Walmart Supercenter,Las Vegas,NV,36.278,-115.203
Walmart Supercenter,Las Vegas,NV,36.272,-115.271
Walmart Neighborhood Market,Las Vegas,NV,36.221,-115.324
Walmart Supercenter,Mesquite,NV,36.806,-114.107
Walmart Supercenter,St George,UT,37.064,-113.585
Walmart Supercenter,Pahrump,NV,36.215,-115.994
Walmart Supercenter,Winnemucca,NV,40.954,-117.745
Walmart,Schenectady,NY,42.785,-73.942
Walmart Supercenter,Glenville,NY,42.842,-73.944
Walmart Supercenter,Amsterdam,NY,42.964,-74.184
Walmart Supercenter,Catskill,NY,42.212,-73.883
Walmart Supercenter,Saratoga Springs,NY,43.105,-73.749
Walmart Supercenter,Albion,NY,43.234,-78.226
Walmart Supercenter,Brockport,NY,43.197,-77.928
Walmart Supercenter,Batavia,NY,43.013,-78.208
Walmart,Greece,NY,43.216,-77.731
Walmart Supercenter,Lockport,NY,43.147,-78.693
Walmart Supercenter,Rochester,NY,43.133,-77.689
Walmart Supercenter,Greece,NY,43.24,-77.646
Walmart Supercenter,Rochester,NY,43.194,-77.597
Walmart Supercenter,Rochester,NY,43.08,-77.623
Walmart Supercenter,Williamsville,NY,42.964,-78.695
Walmart,Warsaw,NY,42.767,-78.128
Walmart Supercenter,Amherst,NY,42.982,-78.812
Walmart Supercenter,Cheektowaga,NY,42.91,-78.743
Walmart Supercenter,Lancaster,NY,42.882,-78.695
Walmart Supercenter,North Tonawanda,NY,43.06,-78.841
Walmart Supercenter,Niagara Falls,NY,43.095,-78.973
Walmart Supercenter,Hamburg,NY,42.743,-78.871
Walmart Supercenter,Springville,NY,42.501,-78.69
Walmart Supercenter,Gloversville,NY,43.031,-74.342
Walmart Supercenter,Cobleskill,NY,42.682,-74.455
Walmart Supercenter,Auburn,NY,42.954,-76.546
Walmart Supercenter,Waterloo,NY,42.908,-76.841
Walmart Supercenter,Camillus,NY,43.038,-76.272
Walmart Supercenter,Geneva,NY,42.86,-77.022
Walmart Supercenter,Liverpool,NY,43.189,-76.243
Walmart Supercenter,Newark,NY,43.052,-77.058
Walmart Supercenter,Cicero,NY,43.161,-76.118
Walmart Supercenter,Fulton,NY,43.325,-76.445
Walmart Supercenter,Cortland,NY,42.569,-76.218
Walmart Supercenter,Central Square,NY,43.286,-76.13
Walmart Supercenter,Canandaigua,NY,42.876,-77.24
Walmart Supercenter,Ithaca,NY,42.428,-76.514
Walmart Supercenter,Geneseo,NY,42.803,-77.788
Walmart Supercenter,Webster,NY,43.192,-77.497
Walmart Supercenter,Victor,NY,43.018,-77.437
Walmart Supercenter,Macedon,NY,43.066,-77.358
Walmart Supercenter,Oswego,NY,43.464,-76.479
Walmart Supercenter,Kingston,NY,41.972,-73.986
Walmart Supercenter,Queensbury,NY,43.32,-73.612
Walmart Supercenter,Queensbury,NY,43.335,-73.682
Walmart Supercenter,Oneonta,NY,42.447,-75.039
Walmart Supercenter,Evans Mills,NY,44.041,-75.844
Walmart Supercenter,Watertown,NY,43.976,-75.959
Walmart Supercenter,Lowville,NY,43.774,-75.478
Walmart Supercenter,Napanoch,NY,41.742,-74.371
Walmart Supercenter,Fredonia,NY,42.454,-79.313
Walmart Supercenter,Lakewood,NY,42.097,-79.3
Walmart,Hornell,NY,42.347,-77.669
Walmart Supercenter,Watkins Glen,NY,42.383,-76.865
Walmart Supercenter,Painted Post,NY,42.156,-77.107
Walmart Supercenter,Horseheads,NY,42.157,-76.854
Walmart Supercenter,Sayre,PA,41.977,-76.543
Walmart Supercenter,Mansfield,PA,41.784,-77.067
Walmart Supercenter,Vestal,NY,42.096,-76.013
Walmart Supercenter,Johnson City,NY,42.115,-75.947
Walmart Supercenter,Warren,PA,41.882,-79.151
Walmart Supercenter,Corry,PA,41.934,-79.612
Walmart Supercenter,Harborcreek,PA,42.16,-79.969
Walmart,Ogdensburg,NY,44.708,-75.456
Walmart Supercenter,Monticello,NY,41.667,-74.68
Walmart Supercenter,Honesdale,PA,41.557,-75.226
Walmart Supercenter,Olean,NY,42.08,-78.468
Walmart Supercenter,Bradford,PA,41.978,-78.609
Walmart Supercenter,Plattsburgh,NY,44.693,-73.487
Walmart,St. Albans,VT,44.841,-73.089
Walmart,Williston,VT,44.442,-73.122
Walmart Supercenter,Ticonderoga,NY,43.857,-73.433
Walmart Supercenter,Stow,OH,41.166,-81.48
Walmart Supercenter,Akron,OH,40.993,-81.489
Walmart,Fairlawn,OH,41.135,-81.632
Walmart Supercenter,Kent,OH,41.098,-81.385
Walmart Supercenter,Wadsworth,OH,41.053,-81.725
Walmart Supercenter,Ravenna,OH,41.157,-81.3
Walmart Supercenter,Streetsboro,OH,41.252,-81.362
Walmart,North Canton,OH,40.871,-81.433
Walmart Supercenter,Macedonia,OH,41.31,-81.519
Walmart Supercenter,Medina,OH,41.161,-81.859
Walmart Supercenter,Aurora,OH,41.35,-81.389
Walmart Supercenter,Canton,OH,40.836,-81.329
Walmart Supercenter,Canton,OH,40.797,-81.421
Walmart Supercenter,Massillon,OH,40.766,-81.522
Walmart Supercenter,Alliance,OH,40.901,-81.161
Walmart Supercenter,Parma,OH,41.382,-81.744
Walmart Supercenter,Strongsville,OH,41.344,-81.824
Walmart Supercenter,Cleveland,OH,41.42,-81.754
Walmart Supercenter,Wooster,OH,40.848,-81.942
Walmart Supercenter,Cleveland,OH,41.462,-81.692
Walmart Supercenter,South Euclid,OH,41.508,-81.54
Walmart Supercenter,North Olmsted,OH,41.418,-81.897
Walmart Supercenter,Elyria,OH,41.35,-82.067
Walmart Supercenter,Middlefield,OH,41.456,-81.073
Walmart Supercenter,Salem,OH,40.9,-80.818
Walmart Supercenter,Austintown,OH,41.101,-80.775
Walmart Supercenter,Poland,OH,41.029,-80.631
Walmart Supercenter,Youngstown,OH,41.148,-80.662
Walmart Supercenter,Cortland,OH,41.274,-80.772
Walmart Supercenter,East Liverpool,OH,40.662,-80.587
Walmart Supercenter,New Philadelphia,OH,40.496,-81.474
Walmart Supercenter,Hillsboro,OH,39.227,-83.621
Walmart Supercenter,Ashland,OH,40.862,-82.271
Walmart Supercenter,Mansfield,OH,40.692,-82.509
Walmart Supercenter,Ontario,OH,40.762,-82.591
Walmart Supercenter,Oberlin,OH,41.267,-82.224
Walmart Supercenter,Millersburg,OH,40.533,-81.92
Walmart Supercenter,Norwalk,OH,41.262,-82.617
Walmart Supercenter,Mount Vernon,OH,40.404,-82.441
Walmart Supercenter,Bucyrus,OH,40.81,-82.946
Walmart Supercenter,Ashtabula,OH,41.883,-80.75
Walmart Supercenter,Madison,OH,41.804,-81.071
Walmart,Mentor,OH,41.679,-81.308
Walmart Supercenter,Chardon,OH,41.586,-81.224
Walmart Supercenter,Edinboro,PA,41.877,-80.174
Walmart Supercenter,Erie,PA,42.068,-80.196
Walmart Supercenter,Meadville,PA,41.622,-80.214
Walmart Supercenter,Athens,OH,39.336,-82.067
Walmart Supercenter,Mason,WV,39.01,-82.034
Walmart Supercenter,Logan,OH,39.538,-82.437
Walmart Supercenter,Vienna,WV,39.306,-81.553
Walmart Supercenter,Parkersburg,WV,39.217,-81.546
Walmart Supercenter,Jackson,OH,39.032,-82.622
Walmart Supercenter,Eastlake,OH,41.641,-81.447
Walmart Supercenter,Hermitage,PA,41.25,-80.453
Walmart Supercenter,New Castle,PA,41.009,-80.394
Walmart Supercenter,Beaver Falls,PA,40.782,-80.383
Walmart Supercenter,Greenville,PA,41.413,-80.358
Walmart,Grove City,PA,41.168,-80.115
Walmart Supercenter,Avon,OH,41.466,-82.017
Walmart Supercenter,Lorain,OH,41.43,-82.208
Walmart Supercenter,Sandusky,OH,41.404,-82.658
Walmart Supercenter,Beavercreek,OH,39.773,-84.055
Walmart Supercenter,Dayton,OH,39.648,-84.108
Walmart Supercenter,Xenia,OH,39.69,-83.967
Walmart Supercenter,Moraine,OH,39.711,-84.202
Walmart Supercenter,Dayton,OH,39.631,-84.212
Walmart Supercenter,Huber Heights,OH,39.863,-84.098
Walmart Supercenter,Dayton,OH,39.846,-84.197
Walmart Supercenter,Franklin,OH,39.564,-84.279
Walmart Supercenter,Springfield,OH,39.951,-83.828
Walmart Supercenter,Springfield,OH,39.921,-83.747
Walmart Supercenter,Wilmington,OH,39.453,-83.779
Walmart Supercenter,Troy,OH,40.057,-84.236
Walmart Supercenter,Piqua,OH,40.153,-84.209
Walmart Supercenter,Urbana,OH,40.107,-83.713
Walmart Supercenter,Washington Court House,OH,39.528,-83.452
Walmart Supercenter,Bellefontaine,OH,40.328,-83.761
Walmart Supercenter,Kenton,OH,40.657,-83.584
Walmart Supercenter,Sidney,OH,40.29,-84.192
Walmart Supercenter,Marysville,OH,40.23,-83.346
Walmart Supercenter,Wapakoneta,OH,40.562,-84.178
Walmart Supercenter,Lima,OH,40.729,-84.06
Walmart Supercenter,Lima,OH,40.751,-84.152
Walmart Supercenter,Bowling Green,OH,41.355,-83.653
Walmart Supercenter,Findlay,OH,41.056,-83.672
Walmart Supercenter,Findlay,OH,41.057,-83.594
Walmart Supercenter,Fremont,OH,41.374,-83.12
Walmart Supercenter,Tiffin,OH,41.112,-83.222
Walmart Supercenter,Ottawa,OH,41.034,-84.035
Walmart Supercenter,Defiance,OH,41.305,-84.364
Walmart Supercenter,Upper Sandusky,OH,40.835,-83.232
Walmart Supercenter,Marion,OH,40.584,-83.087
Walmart Supercenter,Cambridge,OH,39.989,-81.577
Walmart Supercenter,Zanesville,OH,39.977,-82.012
Walmart Supercenter,Coshocton,OH,40.295,-81.85
Walmart Supercenter,Zanesville,OH,39.893,-82.04
Walmart Supercenter,Canal Winchester,OH,39.853,-82.824
Walmart Supercenter,Reynoldsburg,OH,39.938,-82.785
Walmart Supercenter,Whitehall,OH,39.956,-82.902
Walmart Supercenter,Lancaster,OH,39.74,-82.642
Walmart Supercenter,Grove City,OH,39.876,-83.043
Walmart Supercenter,Columbus,OH,40.06,-82.913
Walmart Supercenter,Columbus,OH,39.927,-83.12
Walmart Supercenter,Circleville,OH,39.583,-82.949
Walmart Supercenter,Westerville,OH,40.109,-82.924
Walmart Supercenter,Columbus,OH,39.984,-83.145
Walmart Supercenter,Columbus,OH,40.067,-83.09
Walmart Supercenter,Heath,OH,40.029,-82.451
Walmart Supercenter,Dublin,OH,40.074,-83.138
Walmart Supercenter,Dublin,OH,40.123,-83.087
Walmart Supercenter,Lewis Center,OH,40.165,-83.016
Walmart Supercenter,Newark,OH,40.084,-82.428
Walmart,Delaware,OH,40.266,-83.073
Walmart Supercenter,London,OH,39.909,-83.429
Walmart Supercenter,Chillicothe,OH,39.347,-82.971
Walmart Supercenter,Waverly,OH,39.111,-82.999
Walmart Supercenter,Monaca,PA,40.679,-80.301
Walmart Supercenter,Weirton,WV,40.39,-80.549
Walmart Supercenter,Steubenville,OH,40.37,-80.676
Walmart Supercenter,Baden,PA,40.658,-80.227
Walmart Supercenter,Moon Township,PA,40.516,-80.224
Walmart Supercenter,Pittsburgh,PA,40.447,-80.176
Walmart Supercenter,Cranberry Township,PA,40.694,-80.103
Walmart,Carnegie,PA,40.387,-80.096
Walmart,Gibsonia,PA,40.623,-79.947
Walmart,Bethel Park,PA,40.339,-80.023
Walmart Supercenter,Port Clinton,OH,41.52,-82.863
Clinic Pharmacy,Buffalo,WV,38.6,-81.995
Walmart Supercenter,Ripley,WV,38.829,-81.719
Walmart Supercenter,Cross Lanes,WV,38.411,-81.808
Walmart Supercenter,Marietta,OH,39.407,-81.418
Walmart Supercenter,Saint Clairsville,OH,40.076,-80.875
Walmart Supercenter,Moundsville,WV,39.926,-80.75
Walmart Supercenter,Triadelphia,WV,40.058,-80.605
Walmart Supercenter,New Martinsville,WV,39.657,-80.859
Walmart Supercenter,Washington,PA,40.183,-80.222
Walmart Supercenter,Ada,OK,34.789,-96.653
Walmart Supercenter,Sulphur,OK,34.504,-97.004
Walmart,Holdenville,OK,35.088,-96.381
Walmart Supercenter,Pauls Valley,OK,34.737,-97.249
Walmart Supercenter,Seminole,OK,35.247,-96.654
Walmart Supercenter,Altus,OK,34.664,-99.332
Walmart,Hobart,OK,35.016,-99.104
Walmart Supercenter,Vernon,TX,34.161,-99.306
Walmart Supercenter,Alva,OK,36.8,-98.645
Walmart Supercenter,Anadarko,OK,35.06,-98.262
Walmart Supercenter,Chickasha,OK,35.031,-97.931
Walmart Supercenter,Lawton,OK,34.619,-98.424
Walmart Supercenter,Lawton,OK,34.632,-98.472
Walmart Supercenter,El Reno,OK,35.512,-97.973
Walmart Neighborhood Market,Lawton,OK,34.595,-98.439
Walmart Supercenter,Ardmore,OK,34.193,-97.143
Walmart Supercenter,Madill,OK,34.07,-96.765
Walmart,Atoka,OK,34.369,-96.139
Walmart Supercenter,Durant,OK,33.999,-96.413
Walmart Supercenter,Skiatook,OK,36.371,-96.011
Walmart Neighborhood Market,Owasso,OK,36.322,-95.83
Walmart Supercenter,Owasso,OK,36.295,-95.838
Walmart Neighborhood Market,Owasso,OK,36.277,-95.829
Walmart Supercenter,Bristow,OK,35.828,-96.378
Walmart Supercenter,Sapulpa,OK,35.988,-96.136
Walmart Supercenter,Cushing,OK,35.987,-96.721
Walmart Supercenter,Glenpool,OK,35.984,-96.014
Walmart Supercenter,Sand Springs,OK,36.135,-96.12
Walmart Neighborhood Market,Jenks,OK,36.004,-95.978
Walmart Supercenter,Chandler,OK,35.712,-96.842
Walmart Neighborhood Market,Tulsa,OK,36.028,-95.947
Walmart Supercenter,Tulsa,OK,36.047,-95.961
Walmart Supercenter,Okmulgee,OK,35.606,-95.964
Walmart Neighborhood Market,Tulsa,OK,36.1,-95.976
Walmart Supercenter,Tulsa,OK,36.005,-95.89
Walmart Neighborhood Market,Tulsa,OK,36.045,-95.903
Walmart Neighborhood Market,Tulsa,OK,36.117,-95.939
Walmart Supercenter,Cleveland,OK,36.297,-96.463
Walmart Supercenter,Tulsa,OK,36.066,-95.883
Walmart Neighborhood Market,Tulsa,OK,36.133,-95.924
Walmart Neighborhood Market,Broken Arrow,OK,36.045,-95.849
Walmart Supercenter,Broken Arrow,OK,35.991,-95.798
Walmart Supercenter,Broken Arrow,OK,36.059,-95.817
Walmart Neighborhood Market,Broken Arrow,OK,36.076,-95.776
Walmart Neighborhood Market,Broken Arrow,OK,36.033,-95.799
Walmart Supercenter,Broken Arrow,OK,36.067,-95.742
Walmart Neighborhood Market,Tulsa,OK,36.118,-95.853
Walmart Supercenter,Catoosa,OK,36.165,-95.756
Walmart Supercenter,Coweta,OK,36.002,-95.678
Walmart Supercenter,Tulsa,OK,36.159,-95.883
Walmart Supercenter,Claremore,OK,36.294,-95.627
Walmart Supercenter,Wagoner,OK,35.957,-95.397
Walmart Supercenter,Pryor,OK,36.263,-95.331
Walmart Supercenter,Muskogee,OK,35.773,-95.373
Walmart Supercenter,Shawnee,OK,35.387,-96.922
Walmart Supercenter,Choctaw,OK,35.496,-97.279
Walmart Supercenter,Stillwater,OK,36.148,-97.051
Walmart Supercenter,Oklahoma City,OK,35.495,-97.369
Walmart Supercenter,Edmond,OK,35.64,-97.429
Walmart Supercenter,Stillwater,OK,36.115,-97.068
Walmart Neighborhood Market,Stillwater,OK,36.146,-97.05
Walmart Supercenter,Guthrie,OK,35.863,-97.423
Walmart Neighborhood Market,Edmond,OK,35.654,-97.463
Walmart Neighborhood Market,Midwest City,OK,35.463,-97.389
Walmart Supercenter,Checotah,OK,35.47,-95.534
Walmart,Henryetta,OK,35.439,-95.974
Walmart Supercenter,Stigler,OK,35.253,-95.108
Walmart,Lindsay,OK,34.835,-97.597
Walmart Supercenter,Newcastle,OK,35.292,-97.605
Walmart Supercenter,Mustang,OK,35.394,-97.705
Walmart Supercenter,Norman,OK,35.222,-97.481
Walmart Neighborhood Market,Norman,OK,35.248,-97.494
Walmart Neighborhood Market,Oklahoma City,OK,35.333,-97.566
Walmart Supercenter,Oklahoma City,OK,35.365,-97.577
Walmart Neighborhood Market,Norman,OK,35.194,-97.422
Walmart Neighborhood Market,Oklahoma City,OK,35.333,-97.513
Walmart Supercenter,Norman,OK,35.174,-97.409
Walmart Supercenter,Moore,OK,35.322,-97.493
Walmart Neighborhood Market,Oklahoma City,OK,35.364,-97.531
Walmart Supercenter,Norman,OK,35.227,-97.421
Walmart Supercenter,Yukon,OK,35.49,-97.763
Walmart Neighborhood Market,Moore,OK,35.333,-97.478
Walmart Supercenter,Purcell,OK,34.99,-97.368
Walmart Neighborhood Market,Oklahoma City,OK,35.406,-97.545
Walmart Supercenter,Oklahoma City,OK,35.391,-97.512
Walmart Supercenter,Oklahoma City,OK,35.463,-97.622
Walmart Neighborhood Market,Yukon,OK,35.508,-97.725
Walmart Neighborhood Market,Oklahoma City,OK,35.422,-97.528
Walmart Supercenter,Del City,OK,35.448,-97.425
Walmart Neighborhood Market,Oklahoma City,OK,35.415,-97.423
Walmart Supercenter,Oklahoma City,OK,35.526,-97.54
Walmart Neighborhood Market,Oklahoma City,OK,35.495,-97.551
Walmart Neighborhood Market,The Village,OK,35.565,-97.55
Walmart Supercenter,Oklahoma City,OK,35.606,-97.546
Walmart Neighborhood Market,Edmond,OK,35.639,-97.533
Walmart Supercenter,Edmond,OK,35.666,-97.512
Walmart Neighborhood Market,Warr Acres,OK,35.538,-97.621
Walmart Neighborhood Market,Oklahoma City,OK,35.583,-97.64
Walmart Supercenter,Oklahoma City,OK,35.563,-97.654
Walmart Supercenter,Vinita,OK,36.632,-95.141
Walmart Supercenter,Duncan,OK,34.502,-97.969
Walmart Supercenter,Denison,TX,33.759,-96.588
Walmart Supercenter,Sherman,TX,33.672,-96.612
Walmart Neighborhood Market,Sherman,TX,33.656,-96.643
Walmart Supercenter,Bonham,TX,33.597,-96.193
Walmart Supercenter,Kingfisher,OK,35.829,-97.937
Walmart Supercenter,Elk City,OK,35.409,-99.376
Walmart Neighborhood Market,Enid,OK,36.407,-97.91
Walmart Supercenter,Enid,OK,36.388,-97.945
Walmart Supercenter,Guymon,OK,36.706,-101.486
Walmart Supercenter,Hugo,OK,34.007,-95.488
Walmart Supercenter,Paris,TX,33.664,-95.506
Walmart Supercenter,Mcalester,OK,34.919,-95.741
Walmart Supercenter,Weatherford,OK,35.523,-98.691
Walmart Supercenter,Woodward,OK,36.412,-99.384
Walmart Supercenter,Albany,OR,44.627,-123.051
Walmart Neighborhood Market,Corvallis,OR,44.587,-123.259
Walmart Supercenter,Lebanon,OR,44.517,-122.901
Walmart,Salem,OR,44.879,-123.026
Walmart Supercenter,Salem,OR,44.914,-122.996
Walmart,Dallas,OR,44.932,-123.307
Walmart Supercenter,Salem,OR,44.965,-122.987
Walmart Neighborhood Market,Beaverton,OR,45.454,-122.826
Walmart Neighborhood Market,Beaverton,OR,45.535,-122.853
Walmart Supercenter,Tigard,OR,45.432,-122.754
Walmart Neighborhood Market,Hillsboro,OR,45.516,-122.898
Walmart Supercenter,Sherwood,OR,45.366,-122.834
Walmart Neighborhood Market,Milwaukie,OR,45.41,-122.626
Walmart Neighborhood Market,West Linn,OR,45.386,-122.642
Walmart,Happy Valley,OR,45.451,-122.575
Walmart Neighborhood Market,Vancouver,WA,45.637,-122.641
Walmart Supercenter,Cornelius,OR,45.522,-123.07
Walmart Supercenter,Vancouver,WA,45.623,-122.564
Walmart,Vancouver,WA,45.687,-122.663
Walmart Neighborhood Market,Gresham,OR,45.489,-122.472
Walmart Supercenter,Vancouver,WA,45.618,-122.479
Walmart Supercenter,Vancouver,WA,45.672,-122.523
Walmart Supercenter,Wood Village,OR,45.542,-122.421
Walmart Neighborhood Market,Gresham,OR,45.493,-122.408
Walmart Supercenter,Battle Ground,WA,45.772,-122.549
Walmart Supercenter,Woodburn,OR,45.148,-122.88
Walmart,Saint Helens,OR,45.847,-122.831
Walmart,Mcminnville,OR,45.23,-123.174
Walmart Supercenter,Woodland,WA,45.929,-122.761
Walmart Supercenter,Bend,OR,44.022,-121.318
Walmart Supercenter,Redmond,OR,44.292,-121.171
Walmart Supercenter,Coos Bay,OR,43.39,-124.252
Walmart,Eugene,OR,44.091,-123.093
Walmart Supercenter,Cottage Grove,OR,43.8,-123.043
Walmart Supercenter,Eugene,OR,44.046,-123.169
Walmart Supercenter,Springfield,OR,44.058,-122.988
Walmart Neighborhood Market,Springfield,OR,44.073,-123.043
Walmart Supercenter,Eagle Point,OR,42.469,-122.814
Walmart Supercenter,Medford,OR,42.367,-122.86
Walmart Supercenter,Medford,OR,42.313,-122.853
Walmart Supercenter,Grants Pass,OR,42.434,-123.302
Walmart Supercenter,Hermiston,OR,45.85,-119.29
Walmart Supercenter,Kennewick,WA,46.183,-119.177
Walmart Supercenter,Pendleton,OR,45.668,-118.809
Walmart Supercenter,Richland,WA,46.256,-119.308
Walmart Supercenter,Pasco,WA,46.272,-119.188
Walmart,Hood River,OR,45.712,-121.539
Walmart Supercenter,Island City,OR,45.336,-118.058
Walmart Supercenter,Klamath Falls,OR,42.193,-121.76
Walmart Supercenter,Newport,OR,44.655,-124.055
Walmart Supercenter,College Place,WA,46.034,-118.382
Walmart Supercenter,Roseburg,OR,43.236,-123.369
Walmart Supercenter,Longview,WA,46.12,-122.932
Walmart Supercenter,Longview,WA,46.155,-122.982
Walmart Supercenter,Warrenton,OR,46.146,-123.916
Walmart Supercenter,Pottstown,PA,40.254,-75.666
Walmart Supercenter,Temple,PA,40.418,-75.92
Walmart Supercenter,Hamburg,PA,40.564,-76.011
Walmart Supercenter,Reading,PA,40.294,-75.839
Walmart Supercenter,Tamaqua,PA,40.836,-75.988
Walmart,Wyomissing,PA,40.342,-75.977
Walmart Supercenter,Altoona,PA,40.456,-78.406
Walmart Supercenter,Duncansville,PA,40.37,-78.433
Walmart Supercenter,Huntingdon,PA,40.491,-78.044
Walmart Supercenter,Ebensburg,PA,40.475,-78.75
Walmart Supercenter,Johnstown,PA,40.277,-78.846
Walmart Supercenter,State College,PA,40.81,-77.897
Walmart Supercenter,Butler,PA,40.878,-79.943
Walmart Supercenter,Tarentum,PA,40.564,-79.804
Walmart Supercenter,West Mifflin,PA,40.342,-79.946
Walmart Supercenter,Natrona Heights,PA,40.647,-79.713
Walmart Supercenter,North Versailles,PA,40.387,-79.825
Walmart Supercenter,Elverson,PA,40.153,-75.862
Walmart Supercenter,Ephrata,PA,40.167,-76.153
Walmart Supercenter,Belle Vernon,PA,40.139,-79.846
Walmart Supercenter,West Brownsville,PA,40.026,-79.899
Walmart Supercenter,Uniontown,PA,39.914,-79.757
Walmart Supercenter,Connellsville,PA,40.004,-79.608
Walmart Supercenter,North Huntingdon,PA,40.316,-79.686
Walmart Supercenter,Mount Pleasant,PA,40.128,-79.545
Walmart Supercenter,Greensburg,PA,40.309,-79.581
Walmart Supercenter,Waynesburg,PA,39.894,-80.127
Walmart Supercenter,Delmont,PA,40.399,-79.591
Walmart Supercenter,Latrobe,PA,40.283,-79.383
Walmart Supercenter,Morgantown,WV,39.645,-79.999
Walmart Supercenter,Blairsville,PA,40.443,-79.227
Walmart Supercenter,Indiana,PA,40.601,-79.195
Walmart Supercenter,Kittanning,PA,40.815,-79.542
Walmart Supercenter,Bloomsburg,PA,41.008,-76.486
Walmart Supercenter,Coal Township,PA,40.788,-76.505
Walmart Supercenter,Lewisburg,PA,40.989,-76.88
Walmart Supercenter,Hazle Township,PA,40.987,-76.012
Walmart Supercenter,Saint Clair,PA,40.727,-76.19
Walmart Supercenter,Selinsgrove,PA,40.823,-76.845
Walmart,Montoursville,PA,41.262,-76.916
Walmart Supercenter,Clarion,PA,41.189,-79.396
Walmart Supercenter,Cranberry,PA,41.349,-79.717
Walmart Supercenter,Camp Hill,PA,40.225,-76.928
Walmart Supercenter,Mechanicsburg,PA,40.246,-77.028
Walmart Supercenter,Harrisburg,PA,40.262,-76.773
Walmart Supercenter,Etters,PA,40.15,-76.813
Walmart Supercenter,Carlisle,PA,40.189,-77.194
Walmart Supercenter,Palmyra,PA,40.323,-76.563
Walmart Supercenter,Elizabethville,PA,40.556,-76.792
Walmart Supercenter,Lebanon,PA,40.35,-76.39
Walmart,Lancaster,PA,40.074,-76.325
Walmart Supercenter,Lewistown,PA,40.583,-77.613
Walmart Supercenter,Punxsutawney,PA,40.928,-78.981
Walmart Supercenter,Titusville,PA,41.633,-79.699
Walmart Supercenter,Du Bois,PA,41.128,-78.737
Walmart Supercenter,Clearfield,PA,41.032,-78.401
Walmart Supercenter,Saint Marys,PA,41.391,-78.563
Walmart Supercenter,Erie,PA,42.052,-80.08
Walmart Supercenter,Erie,PA,42.123,-80.042
Walmart Supercenter,Dickson City,PA,41.465,-75.642
Walmart Supercenter,Taylor,PA,41.394,-75.69
Walmart Supercenter,Pittston,PA,41.309,-75.762
Walmart Supercenter,Tunkhannock,PA,41.524,-75.948
Walmart Supercenter,Wilkes Barre,PA,41.238,-75.859
Walmart Supercenter,State College,PA,40.833,-77.808
Walmart Supercenter,Mill Hall,PA,41.117,-77.481
Walmart Supercenter,Fairmont,WV,39.425,-80.191
Walmart Supercenter,Leesville,SC,33.917,-81.529
Walmart Supercenter,Barnwell,SC,33.238,-81.392
Walmart Neighborhood Market,Simpsonville,SC,34.723,-82.293
Walmart Supercenter,Simpsonville,SC,34.712,-82.252
Walmart Neighborhood Market,Simpsonville,SC,34.758,-82.267
Walmart Supercenter,Greenville,SC,34.823,-82.281
Walmart Supercenter,Greenwood,SC,34.206,-82.191
Walmart Neighborhood Market,Orangeburg,SC,33.482,-80.871
Walmart Supercenter,Orangeburg,SC,33.524,-80.891
Walmart Supercenter,Walterboro,SC,32.933,-80.693
Walmart Supercenter,Darlington,SC,34.285,-79.856
Walmart Supercenter,Hartsville,SC,34.358,-80.064
Walmart Supercenter,Florence,SC,34.193,-79.822
Walmart Neighborhood Market,Florence,SC,34.175,-79.81
Walmart Supercenter,Florence,SC,34.155,-79.764
Walmart Supercenter,Union,SC,34.727,-81.642
Walmart Supercenter,Camden,SC,34.251,-80.65
Walmart Supercenter,Columbia,SC,34.115,-80.886
Walmart Supercenter,Columbia,SC,34.138,-80.966
Walmart Supercenter,Sumter,SC,33.958,-80.388
Walmart Supercenter,Columbia,SC,34.02,-80.95
Walmart Neighborhood Market,Sumter,SC,33.938,-80.371
Walmart Neighborhood Market,Sumter,SC,33.906,-80.378
Walmart Supercenter,Columbia,SC,33.963,-80.941
Walmart Neighborhood Market,Cayce,SC,33.977,-81.074
Walmart Supercenter,Columbia,SC,34.074,-81.157
Walmart Supercenter,West Columbia,SC,33.982,-81.101
Walmart Neighborhood Market,Columbia,SC,33.945,-81.168
Walmart Supercenter,Lexington,SC,33.996,-81.223
Walmart Supercenter,Lexington,SC,33.911,-81.23
Walmart Supercenter,Irmo,SC,34.127,-81.224
Walmart Supercenter,Charleston,SC,32.721,-79.969
Walmart Supercenter,Mount Pleasant,SC,32.814,-79.845
Walmart Supercenter,North Charleston,SC,32.877,-80.018
Walmart Supercenter,Charleston,SC,32.822,-80.081
Walmart Supercenter,Mount Pleasant,SC,32.862,-79.788
Walmart Supercenter,North Charleston,SC,32.94,-80.037
Walmart Neighborhood Market,Goose Creek,SC,32.97,-80.003
Walmart Neighborhood Market,Goose Creek,SC,33.008,-80.046
Walmart Supercenter,Summerville,SC,32.95,-80.155
Walmart Neighborhood Market,Ladson,SC,32.979,-80.128
Walmart Supercenter,Goose Creek,SC,33.034,-80.064
Walmart Neighborhood Market,Summerville,SC,32.967,-80.204
Walmart Supercenter,Summerville,SC,33.035,-80.156
Walmart Neighborhood Market,Summerville,SC,33.011,-80.24
Walmart Supercenter,Moncks Corner,SC,33.203,-79.99
Walmart Supercenter,Conway,SC,33.859,-79.092
Walmart Supercenter,Conway,SC,33.778,-78.989
Walmart Neighborhood Market,Myrtle Beach,SC,33.685,-78.957
Walmart Supercenter,Myrtle Beach,SC,33.714,-78.896
Walmart Supercenter,Surfside Beach,SC,33.6,-78.978
Walmart Neighborhood Market,Myrtle Beach,SC,33.673,-78.905
Walmart Neighborhood Market,Myrtle Beach,SC,33.633,-78.961
Walmart Supercenter,Garden City Beach,SC,33.591,-79.013
Walmart Neighborhood Market,Murrells Inlet,SC,33.584,-79.029
Walmart Supercenter,Marion,SC,34.183,-79.345
Walmart Supercenter,Georgetown,SC,33.394,-79.286
Walmart Supercenter,Lake City,SC,33.894,-79.754
Walmart Supercenter,Laurens,SC,34.49,-81.983
Walmart Supercenter,Greenwood,SC,34.198,-82.133
Walmart Supercenter,Newberry,SC,34.281,-81.592
Walmart Supercenter,Manning,SC,33.699,-80.228
Walmart Supercenter,Aberdeen,SD,45.457,-98.436
Walmart Supercenter,Brookings,SD,44.314,-96.766
Walmart Supercenter,Huron,SD,44.333,-98.217
Walmart Supercenter,Mitchell,SD,43.685,-98.01
Walmart Supercenter,Pierre,SD,44.38,-100.311
Walmart Supercenter,Rapid City,SD,44.098,-103.199
Walmart Supercenter,Rapid City,SD,44.034,-103.218
Walmart Supercenter,Sioux Falls,SD,43.517,-96.773
Walmart Supercenter,Sioux Falls,SD,43.541,-96.659
Walmart Supercenter,Sioux Falls,SD,43.603,-96.79
Walmart Supercenter,Sioux Falls,SD,43.472,-96.729
Walmart Supercenter,Spearfish,SD,44.479,-103.809
Walmart Supercenter,Yankton,SD,42.907,-97.398
Walmart Supercenter,Watertown,SD,44.888,-97.068
Walmart Supercenter,Alcoa,TN,35.771,-83.991
Walmart Supercenter,Maryville,TN,35.715,-84.013
Walmart Supercenter,Knoxville,TN,35.926,-84.063
Walmart Supercenter,Knoxville,TN,35.911,-83.844
Walmart Supercenter,Knoxville,TN,35.9,-84.147
Walmart Neighborhood Market,Knoxville,TN,35.976,-84.011
Walmart Supercenter,Knoxville,TN,36.005,-84.027
Walmart Supercenter,Lenoir City,TN,35.819,-84.266
Walmart Supercenter,Knoxville,TN,36.031,-83.866
Walmart Supercenter,Knoxville,TN,36.089,-83.938
Walmart Supercenter,Oak Ridge,TN,36.005,-84.255
Walmart Supercenter,Sevierville,TN,35.838,-83.574
Walmart Neighborhood Market,Sevierville,TN,35.862,-83.53
Walmart Supercenter,Clinton,TN,36.17,-84.087
Walmart Supercenter,Sweetwater,TN,35.584,-84.477
Walmart Supercenter,Algood,TN,36.185,-85.459
Walmart Supercenter,Cookeville,TN,36.144,-85.5
Walmart Supercenter,Sparta,TN,35.929,-85.49
Walmart Supercenter,Smithville,TN,35.955,-85.83
Walmart Supercenter,Crossville,TN,35.983,-85.036
Walmart Supercenter,Ashland City,TN,36.248,-87.033
Walmart Supercenter,Nashville,TN,36.132,-86.907
Walmart Supercenter,Nashville,TN,36.247,-86.763
Walmart Neighborhood Market,Madison,TN,36.264,-86.712
Walmart Supercenter,Nashville,TN,36.111,-86.769
Walmart Supercenter,Madison,TN,36.308,-86.685
Walmart Supercenter,Fairview,TN,35.963,-87.14
Walmart Supercenter,Dickson,TN,36.06,-87.381
Walmart Supercenter,Nashville,TN,36.083,-86.725
Walmart Neighborhood Market,Nashville,TN,36.042,-86.745
Walmart Supercenter,Nashville,TN,36.042,-86.71
Walmart Supercenter,Hermitage,TN,36.216,-86.6
Walmart Supercenter,Hendersonville,TN,36.323,-86.597
Walmart Supercenter,Franklin,TN,35.939,-86.819
Walmart Supercenter,Antioch,TN,36.061,-86.629
Walmart Supercenter,Mount Juliet,TN,36.18,-86.518
Walmart Supercenter,Gallatin,TN,36.377,-86.477
Walmart Supercenter,La Vergne,TN,36.013,-86.547
Walmart Supercenter,Athens,TN,35.452,-84.631
Walmart Supercenter,Dayton,TN,35.46,-85.044
Walmart Supercenter,Rockwood,TN,35.88,-84.658
Walmart Supercenter,Bolivar,TN,35.28,-89.025
Walmart Supercenter,Jackson,TN,35.551,-88.811
Walmart Supercenter,Brownsville,TN,35.587,-89.238
Walmart Supercenter,Jackson,TN,35.666,-88.852
Walmart Supercenter,Bristol,TN,36.545,-82.235
Walmart Supercenter,Bristol,VA,36.638,-82.113
Walmart Supercenter,Kingsport,TN,36.509,-82.519
Walmart Supercenter,Johnson City,TN,36.36,-82.398
Walmart Neighborhood Market,Kingsport,TN,36.563,-82.568
Walmart Supercenter,Lebanon,VA,36.9,-82.044
Walmart Supercenter,Kingsport,TN,36.557,-82.603
Walmart Supercenter,Humboldt,TN,35.841,-88.912
Walmart Supercenter,Milan,TN,35.876,-88.748
Walmart Supercenter,Camden,TN,36.088,-88.109
Walmart Supercenter,Waverly,TN,36.084,-87.833
Walmart Supercenter,Huntingdon,TN,35.998,-88.437
Walmart Supercenter,Lexington,TN,35.655,-88.411
Walmart Supercenter,Lebanon,TN,36.192,-86.291
Walmart Supercenter,Columbia,TN,35.599,-87.051
Walmart Supercenter,Spring Hill,TN,35.772,-86.919
Walmart Supercenter,Lewisburg,TN,35.47,-86.793
Walmart Supercenter,Hohenwald,TN,35.557,-87.529
Walmart Supercenter,Lawrenceburg,TN,35.273,-87.315
Walmart Supercenter,Shelbyville,TN,35.513,-86.452
Walmart Supercenter,Mcminnville,TN,35.699,-85.788
Walmart Supercenter,Greeneville,TN,36.187,-82.76
Walmart Supercenter,Smyrna,TN,35.971,-86.496
Walmart Supercenter,Tullahoma,TN,35.39,-86.24
Walmart Supercenter,Manchester,TN,35.453,-86.047
Walmart Supercenter,Rogersville,TN,36.394,-83.011
Walmart Supercenter,Morristown,TN,36.213,-83.255
Walmart Neighborhood Market,Morristown,TN,36.237,-83.282
Walmart Neighborhood Market,Murfreesboro,TN,35.867,-86.464
Walmart Supercenter,Murfreesboro,TN,35.879,-86.383
Walmart Supercenter,Murfreesboro,TN,35.85,-86.426
Walmart Neighborhood Market,Murfreesboro,TN,35.814,-86.447
Walmart Supercenter,Murfreesboro,TN,35.832,-86.347
Walmart Supercenter,Murfreesboro,TN,35.776,-86.4
Walmart Supercenter,Jefferson City,TN,36.129,-83.468
Walmart Neighborhood Market,Abilene,TX,32.474,-99.738
Walmart Supercenter,Abilene,TX,32.48,-99.698
Walmart Supercenter,Abilene,TX,32.411,-99.782
Walmart Supercenter,Alamo,TX,26.191,-98.131
Walmart Supercenter,Donna,TX,26.183,-98.04
Walmart Supercenter,Mcallen,TX,26.188,-98.21
Walmart Neighborhood Market,Mcallen,TX,26.236,-98.205
Walmart Supercenter,Edinburg,TX,26.272,-98.151
Walmart Supercenter,Hidalgo,TX,26.125,-98.219
Walmart Supercenter,Edinburg,TX,26.266,-98.202
Walmart Supercenter,Weslaco,TX,26.175,-97.99
Walmart Neighborhood Market,Mcallen,TX,26.256,-98.236
Walmart Supercenter,Mcallen,TX,26.244,-98.245
Walmart Neighborhood Market,Weslaco,TX,26.142,-97.992
Walmart Supercenter,Edinburg,TX,26.301,-98.181
Walmart Supercenter,Mission,TX,26.194,-98.287
Walmart Supercenter,Elsa,TX,26.291,-97.993
Walmart Neighborhood Market,Mission,TX,26.214,-98.308
Walmart Supercenter,Palmhurst,TX,26.26,-98.316
Walmart Supercenter,Penitas,TX,26.245,-98.444
Walmart Supercenter,Harlingen,TX,26.18,-97.716
Walmart Supercenter,San Benito,TX,26.146,-97.635
Walmart Supercenter,Alice,TX,27.768,-98.041
Walmart Supercenter,Kingsville,TX,27.489,-97.854
Walmart Supercenter,Corpus Christi,TX,27.853,-97.633
Walmart Supercenter,Allen,TX,33.12,-96.672
Walmart Neighborhood Market,Allen,TX,33.114,-96.63
Walmart Supercenter,Lucas,TX,33.089,-96.618
Walmart Supercenter,Plano,TX,33.056,-96.698
Walmart Supercenter,Mckinney,TX,33.156,-96.683
Walmart Supercenter,Frisco,TX,33.128,-96.736
Walmart Neighborhood Market,Plano,TX,33.087,-96.748
Walmart Neighborhood Market,Plano,TX,33.032,-96.666
Walmart Neighborhood Market,Plano,TX,33.041,-96.732
Walmart Neighborhood Market,Wylie,TX,33.034,-96.594
Walmart Supercenter,Plano,TX,33.055,-96.768
Walmart Neighborhood Market,Mckinney,TX,33.198,-96.664
Walmart Supercenter,Murphy,TX,33.014,-96.615
Walmart Supercenter,Plano,TX,33.097,-96.8
Walmart Neighborhood Market,Plano,TX,33.044,-96.792
Walmart Supercenter,Frisco,TX,33.147,-96.808
Walmart Supercenter,Mckinney,TX,33.222,-96.629
Walmart Supercenter,Mckinney,TX,33.217,-96.736
Walmart Neighborhood Market,Sachse,TX,32.983,-96.612
Walmart Supercenter,Plano,TX,33.004,-96.772
Walmart Supercenter,Sachse,TX,32.992,-96.574
Walmart Supercenter,Garland,TX,32.962,-96.643
Clinic Pharmacy,Plano,TX,33.081,-96.841
Walmart Supercenter,Princeton,TX,33.175,-96.509
Walmart Supercenter,Plano,TX,33.025,-96.828
Walmart Supercenter,Wylie,TX,33.025,-96.512
Walmart Supercenter,Prosper,TX,33.222,-96.797
Walmart Supercenter,Dallas,TX,32.964,-96.771
Walmart Neighborhood Market,Richardson,TX,32.931,-96.698
Walmart Neighborhood Market,Garland,TX,32.932,-96.632
Walmart Supercenter,Dallas,TX,32.937,-96.753
Walmart Supercenter,Dallas,TX,32.937,-96.753
Walmart Supercenter,Frisco,TX,33.142,-96.889
Walmart Supercenter,Colony,TX,33.066,-96.892
Walmart Supercenter,Dallas,TX,32.959,-96.816
Walmart Supercenter,Dallas,TX,32.995,-96.858
Walmart Supercenter,Melissa,TX,33.274,-96.58
Walmart Supercenter,Frisco,TX,33.18,-96.884
Walmart Supercenter,Dallas,TX,32.91,-96.739
Walmart Neighborhood Market,Garland,TX,32.896,-96.65
Walmart Supercenter,Rowlett,TX,32.911,-96.578
Walmart Supercenter,Frisco,TX,33.216,-96.878
Walmart Supercenter,Celina,TX,33.297,-96.788
Walmart Neighborhood Market,Carrollton,TX,33.018,-96.916
Walmart Neighborhood Market,Rowlett,TX,32.917,-96.516
Walmart Supercenter,Carrollton,TX,32.986,-96.906
Walmart Supercenter,Dallas,TX,32.922,-96.841
Clinic Pharmacy,Carrollton,TX,32.981,-96.912
Walmart Supercenter,Garland,TX,32.863,-96.652
Walmart Neighborhood Market,Rockwall,TX,32.931,-96.468
Walmart Supercenter,Alvin,TX,29.426,-95.226
Walmart Supercenter,Pearland,TX,29.546,-95.236
Walmart Neighborhood Market,League City,TX,29.5,-95.126
Walmart Supercenter,League City,TX,29.47,-95.09
Walmart Supercenter,Friendswood,TX,29.552,-95.159
Walmart Supercenter,Pearland,TX,29.573,-95.286
Walmart Supercenter,Pearland,TX,29.558,-95.383
Walmart Supercenter,La Marque,TX,29.402,-95.037
Walmart Neighborhood Market,Pearland,TX,29.556,-95.416
Walmart Supercenter,Houston,TX,29.631,-95.237
Walmart Supercenter,Kemah,TX,29.535,-95.019
Walmart Supercenter,Pasadena,TX,29.647,-95.162
Walmart Supercenter,Missouri City,TX,29.536,-95.517
Walmart Supercenter,Pasadena,TX,29.693,-95.21
Walmart Supercenter,La Porte,TX,29.666,-95.1
Walmart Supercenter,Angleton,TX,29.184,-95.435
Walmart Supercenter,Houston,TX,29.716,-95.313
Walmart,Houston,TX,29.677,-95.457
Walmart Supercenter,Missouri City,TX,29.568,-95.57
Walmart Neighborhood Market,Houston,TX,29.674,-95.495
Walmart Neighborhood Market,Houston,TX,29.657,-95.53
Walmart Supercenter,Houston,TX,29.77,-95.18
Walmart Supercenter,Houston,TX,29.723,-95.465
Walmart Supercenter,Stafford,TX,29.644,-95.573
Walmart Supercenter,Houston,TX,29.773,-95.401
Walmart Supercenter,Houston,TX,29.679,-95.561
Walmart Supercenter,Houston,TX,29.806,-95.165
Walmart Supercenter,Houston,TX,29.736,-95.512
Walmart Supercenter,Galveston,TX,29.265,-94.833
Walmart Supercenter,Sugar Land,TX,29.591,-95.601
Walmart Neighborhood Market,Sugar Land,TX,29.652,-95.617
Walmart Neighborhood Market,Houston,TX,29.687,-95.586
Walmart Supercenter,Houston,TX,29.788,-95.466
Walmart Supercenter,Houston,TX,29.83,-95.377
Walmart Supercenter,Lake Jackson,TX,29.053,-95.503
Walmart Supercenter,Baytown,TX,29.776,-94.974
Walmart Supercenter,Houston,TX,29.733,-95.591
Walmart,West Columbia,TX,29.151,-95.659
Walmart Supercenter,Houston,TX,29.721,-95.647
Walmart Supercenter,Houston,TX,29.793,-95.565
Walmart Supercenter,Richmond,TX,29.557,-95.76
Walmart Supercenter,Houston,TX,29.854,-95.509
Walmart Supercenter,Crosby,TX,29.894,-95.065
Walmart Supercenter,Baytown,TX,29.817,-94.898
Walmart Neighborhood Market,Amarillo,TX,35.18,-101.815
Walmart Supercenter,Amarillo,TX,35.19,-101.793
Walmart Supercenter,Amarillo,TX,35.17,-101.863
Walmart Supercenter,Amarillo,TX,35.212,-101.907
Walmart Neighborhood Market,Amarillo,TX,35.148,-101.867
Walmart Supercenter,Amarillo,TX,35.16,-101.92
Walmart Neighborhood Market,Amarillo,TX,35.131,-101.919
Walmart Supercenter,Canyon,TX,34.966,-101.917
Walmart Supercenter,Bay City,TX,28.983,-95.947
Walmart Supercenter,Anna,TX,33.348,-96.582
Walmart Supercenter,Cross Roads,TX,33.225,-96.984
Walmart Supercenter,Royse City,TX,32.966,-96.343
Walmart Neighborhood Market,Greenville,TX,33.123,-96.108
Walmart Supercenter,Aransas Pass,TX,27.922,-97.176
Walmart Supercenter,Portland,TX,27.897,-97.307
Walmart Supercenter,Rockport,TX,28.048,-97.044
Walmart Supercenter,Corpus Christi,TX,27.674,-97.3
Walmart Supercenter,Corpus Christi,TX,27.724,-97.376
Walmart Supercenter,Corpus Christi,TX,27.68,-97.374
Walmart Supercenter,Corpus Christi,TX,27.738,-97.439
Walmart Supercenter,Arlington,TX,32.751,-97.095
Walmart Neighborhood Market,Arlington,TX,32.768,-97.096
Walmart Neighborhood Market,Pantego,TX,32.709,-97.151
Walmart Supercenter,Fort Worth,TX,32.764,-97.169
Walmart Supercenter,Arlington,TX,32.669,-97.132
Walmart Supercenter,Grand Prairie,TX,32.707,-97.024
Walmart Supercenter,Grand Prairie,TX,32.674,-97.037
Walmart Neighborhood Market,Arlington,TX,32.659,-97.165
Walmart Neighborhood Market,Arlington,TX,32.646,-97.118
Walmart Supercenter,Arlington,TX,32.667,-97.209
Walmart Neighborhood Market,Bedford,TX,32.843,-97.132
Walmart Neighborhood Market,Hurst,TX,32.825,-97.185
Walmart Supercenter,Hurst,TX,32.847,-97.184
Walmart Supercenter,Bedford,TX,32.864,-97.106
Walmart Neighborhood Market,Mansfield,TX,32.606,-97.115
Walmart Supercenter,Irving,TX,32.835,-97.006
Walmart Neighborhood Market,Richland Hills,TX,32.815,-97.239
Walmart Supercenter,Fort Worth,TX,32.711,-97.282
Walmart Neighborhood Market,Colleyville,TX,32.882,-97.157
Walmart Supercenter,North Richland Hills,TX,32.838,-97.225
Walmart Supercenter,Fort Worth,TX,32.775,-97.292
Walmart Supercenter,Mansfield,TX,32.576,-97.13
Walmart Supercenter,Dallas,TX,32.65,-96.944
Walmart Supercenter,Dallas,TX,32.763,-96.897
Walmart Supercenter,North Richland Hills,TX,32.906,-97.19
Walmart Neighborhood Market,Fort Worth,TX,32.705,-97.332
Walmart Neighborhood Market,Keller,TX,32.893,-97.24
Walmart Supercenter,Cedar Hill,TX,32.598,-96.947
Walmart Neighborhood Market,Fort Worth,TX,32.875,-97.271
Walmart Supercenter,Grapevine,TX,32.931,-97.102
Walmart Neighborhood Market,Cedar Hill,TX,32.589,-96.924
Walmart Supercenter,Fort Worth,TX,32.895,-97.287
Walmart Supercenter,Irving,TX,32.921,-96.968
Walmart Neighborhood Market,Fort Worth,TX,32.913,-97.288
Walmart Supercenter,Fort Worth,TX,32.782,-97.382
Walmart Supercenter,Fort Worth,TX,32.931,-97.267
Walmart Supercenter,Desoto,TX,32.59,-96.879
Walmart Supercenter,Fort Worth,TX,32.636,-97.367
Walmart Supercenter,Dallas,TX,32.684,-96.826
Walmart Supercenter,Dallas,TX,32.862,-96.857
Walmart Supercenter,Crowley,TX,32.576,-97.336
Walmart Supercenter,Fort Worth,TX,32.665,-97.406
Walmart Supercenter,Midlothian,TX,32.485,-97.006
Walmart Neighborhood Market,Desoto,TX,32.575,-96.857
Walmart Neighborhood Market,Farmers Branch,TX,32.923,-96.88
Walmart Neighborhood Market,Fort Worth,TX,32.703,-97.428
Walmart Neighborhood Market,Dallas,TX,32.801,-96.794
Walmart Neighborhood Market,Fort Worth,TX,32.63,-97.408
Walmart Supercenter,Westworth Village,TX,32.755,-97.434
Walmart Supercenter,Saginaw,TX,32.882,-97.386
Walmart Supercenter,Athens,TX,32.21,-95.831
Walmart Supercenter,Gun Barrel City,TX,32.333,-96.135
Walmart Supercenter,Canton,TX,32.545,-95.855
Walmart Neighborhood Market,Tyler,TX,32.282,-95.33
Walmart Supercenter,Tyler,TX,32.353,-95.346
Walmart Supercenter,Tyler,TX,32.275,-95.311
Walmart Neighborhood Market,Tyler,TX,32.327,-95.317
Walmart Supercenter,Lindale,TX,32.475,-95.388
Walmart Neighborhood Market,Tyler,TX,32.311,-95.278
Walmart Supercenter,Austin,TX,30.219,-97.755
Walmart Supercenter,Austin,TX,30.232,-97.823
Walmart Supercenter,Austin,TX,30.341,-97.692
Walmart Supercenter,Austin,TX,30.356,-97.734
Walmart Supercenter,Austin,TX,30.165,-97.79
Walmart Supercenter,Austin,TX,30.414,-97.676
Walmart Supercenter,Manor,TX,30.348,-97.544
Walmart Supercenter,Buda,TX,30.087,-97.825
Walmart Supercenter,Austin,TX,30.47,-97.79
Walmart Supercenter,Pflugerville,TX,30.452,-97.604
Walmart Supercenter,Round Rock,TX,30.484,-97.674
Walmart Supercenter,Cedar Park,TX,30.522,-97.834
Walmart Supercenter,Cedar Park,TX,30.535,-97.787
Walmart Supercenter,Kyle,TX,30.01,-97.859
Walmart Supercenter,Round Rock,TX,30.534,-97.611
Walmart Supercenter,Elgin,TX,30.351,-97.388
Walmart Supercenter,Georgetown,TX,30.645,-97.692
Walmart Supercenter,Bastrop,TX,30.104,-97.332
Walmart Supercenter,San Marcos,TX,29.884,-97.912
Walmart Supercenter,Lockhart,TX,29.857,-97.666
Walmart Supercenter,Taylor,TX,30.599,-97.418
Walmart Supercenter,Azle,TX,32.904,-97.546
Walmart Supercenter,Lake Worth,TX,32.812,-97.426
Walmart Supercenter,Fort Worth,TX,32.968,-97.411
Walmart Supercenter,Fort Worth,TX,32.766,-97.484
Walmart Supercenter,Hudson Oaks,TX,32.752,-97.718
Walmart Supercenter,Benbrook,TX,32.678,-97.468
Walmart Supercenter,Weatherford,TX,32.735,-97.793
Walmart Supercenter,Roanoke,TX,33.014,-97.217
Walmart Supercenter,Decatur,TX,33.228,-97.597
Walmart Neighborhood Market,Burleson,TX,32.538,-97.361
Walmart Supercenter,Burleson,TX,32.528,-97.338
Walmart Neighborhood Market,Flower Mound,TX,33.016,-97.072
Walmart Supercenter,Highland Village,TX,33.077,-97.078
Walmart Neighborhood Market,Denton,TX,33.16,-97.108
Walmart Supercenter,Mineral Wells,TX,32.814,-98.085
Walmart Neighborhood Market,Lewisville,TX,33.072,-97.036
Walmart Supercenter,Balch Springs,TX,32.732,-96.616
Walmart Neighborhood Market,Mesquite,TX,32.769,-96.628
Walmart Neighborhood Market,Dallas,TX,32.76,-96.684
Walmart Supercenter,Mesquite,TX,32.789,-96.599
Walmart Neighborhood Market,Mesquite,TX,32.813,-96.609
Walmart Supercenter,Dallas,TX,32.794,-96.689
Walmart Supercenter,Seagoville,TX,32.65,-96.534
Walmart Supercenter,Garland,TX,32.842,-96.598
Walmart Neighborhood Market,Dallas,TX,32.836,-96.677
Walmart Neighborhood Market,Garland,TX,32.865,-96.607
Walmart Supercenter,Forney,TX,32.745,-96.446
Walmart Supercenter,Dallas,TX,32.863,-96.755
Walmart Neighborhood Market,Lancaster,TX,32.592,-96.787
Walmart Supercenter,Lancaster,TX,32.592,-96.82
Walmart Supercenter,Rockwall,TX,32.901,-96.462
Walmart Supercenter,Red Oak,TX,32.53,-96.817
Walmart Supercenter,Terrell,TX,32.74,-96.306
Walmart Supercenter,Kaufman,TX,32.57,-96.308
Walmart,Ballinger,TX,31.72,-99.961
Walmart Supercenter,San Angelo,TX,31.488,-100.461
Walmart,Giddings,TX,30.179,-96.915
Walmart Supercenter,La Grange,TX,29.901,-96.906
Walmart Supercenter,El Campo,TX,29.217,-96.292
Walmart Supercenter,Wharton,TX,29.328,-96.125
Walmart Neighborhood Market,Humble,TX,29.979,-95.191
Walmart Supercenter,Humble,TX,29.996,-95.177
Walmart Supercenter,Humble,TX,29.936,-95.253
Walmart Supercenter,Humble,TX,30.009,-95.284
Walmart Supercenter,Liberty,TX,30.076,-94.775
Walmart Neighborhood Market,Kingwood,TX,30.069,-95.215
Walmart Supercenter,Houston,TX,29.918,-95.416
Walmart Supercenter,Porter,TX,30.107,-95.234
Walmart Supercenter,New Caney,TX,30.151,-95.222
Walmart Supercenter,Houston,TX,29.914,-95.486
Walmart Neighborhood Market,Spring,TX,30.065,-95.406
Walmart Supercenter,Beaumont,TX,30.123,-94.167
Walmart Supercenter,Vidor,TX,30.144,-94.013
Walmart Supercenter,Port Arthur,TX,29.943,-93.994
Walmart Supercenter,Lumberton,TX,30.25,-94.19
Walmart Supercenter,Port Arthur,TX,29.939,-93.939
Walmart Supercenter,Silsbee,TX,30.34,-94.147
Walmart Supercenter,Lewisville,TX,33.001,-96.991
Walmart Supercenter,Lewisville,TX,33.047,-97.013
Walmart Supercenter,Beeville,TX,28.422,-97.753
Walmart Supercenter,Kenedy,TX,28.835,-97.864
Walmart Supercenter,Bellmead,TX,31.6,-97.106
Walmart Supercenter,Waco,TX,31.522,-97.166
Walmart Supercenter,Waco,TX,31.493,-97.214
Walmart Supercenter,Hewitt,TX,31.462,-97.174
Walmart,Marlin,TX,31.29,-96.896
Walmart Supercenter,Hillsboro,TX,32.004,-97.099
Walmart Supercenter,Belton,TX,31.082,-97.46
Walmart Supercenter,Temple,TX,31.115,-97.414
Walmart Supercenter,Temple,TX,31.067,-97.367
Walmart Neighborhood Market,Harker Heights,TX,31.072,-97.669
Walmart Supercenter,Harker Heights,TX,31.069,-97.672
Walmart Neighborhood Market,Killeen,TX,31.072,-97.709
Walmart Supercenter,Killeen,TX,31.09,-97.729
Walmart Supercenter,Killeen,TX,31.083,-97.787
Walmart Neighborhood Market,Killeen,TX,31.108,-97.801
Walmart Supercenter,Copperas Cove,TX,31.121,-97.879
Walmart Supercenter,Gatesville,TX,31.425,-97.713
Walmart Supercenter,Cleburne,TX,32.341,-97.415
Walmart Supercenter,Granbury,TX,32.432,-97.78
Walmart Supercenter,Big Spring,TX,32.229,-101.469
Walmart Supercenter,Boerne,TX,29.778,-98.726
Walmart Supercenter,San Antonio,TX,29.669,-98.635
Walmart Supercenter,Helotes,TX,29.559,-98.679
Walmart Supercenter,San Antonio,TX,29.565,-98.596
Walmart Neighborhood Market,San Antonio,TX,29.575,-98.566
Walmart Supercenter,Spring Branch,TX,29.801,-98.419
Walmart Neighborhood Market,San Antonio,TX,29.526,-98.719
Walmart Neighborhood Market,San Antonio,TX,29.518,-98.661
Walmart Supercenter,San Antonio,TX,29.517,-98.635
Walmart Supercenter,San Antonio,TX,29.612,-98.471
Walmart Supercenter,San Antonio,TX,29.501,-98.704
Walmart Supercenter,San Antonio,TX,29.556,-98.519
Walmart Supercenter,San Antonio,TX,29.488,-98.668
Walmart Supercenter,San Antonio,TX,29.488,-98.587
Walmart Neighborhood Market,San Antonio,TX,29.46,-98.671
Walmart Supercenter,San Antonio,TX,29.488,-98.538
Walmart Supercenter,San Antonio,TX,29.515,-98.482
Walmart Supercenter,San Antonio,TX,29.443,-98.642
Walmart Supercenter,San Antonio,TX,29.434,-98.714
Walmart Supercenter,San Antonio,TX,29.459,-98.553
Walmart Supercenter,San Antonio,TX,29.553,-98.407
Walmart Neighborhood Market,San Antonio,TX,29.417,-98.679
Walmart Supercenter,San Antonio,TX,29.592,-98.356
Walmart Supercenter,San Antonio,TX,29.49,-98.437
Walmart Supercenter,San Antonio,TX,29.508,-98.375
Walmart Neighborhood Market,Converse,TX,29.536,-98.334
Walmart Supercenter,Schertz,TX,29.605,-98.279
Walmart Supercenter,Universal City,TX,29.55,-98.308
Walmart Supercenter,San Antonio,TX,29.359,-98.635
Walmart Supercenter,Castroville,TX,29.356,-98.858
Walmart Supercenter,Converse,TX,29.496,-98.322
Walmart Supercenter,Kerrville,TX,30.063,-99.167
Walmart Supercenter,San Antonio,TX,29.465,-98.357
Walmart Supercenter,Fredericksburg,TX,30.257,-98.853
Walmart Supercenter,San Antonio,TX,29.339,-98.555
Walmart Supercenter,Cibolo,TX,29.574,-98.237
Walmart Supercenter,San Antonio,TX,29.353,-98.48
Walmart Supercenter,San Antonio,TX,29.4,-98.388
Walmart Supercenter,Commerce,TX,33.235,-95.915
Walmart Supercenter,Greenville,TX,33.093,-96.107
Walmart Supercenter,Borger,TX,35.657,-101.411
Walmart Supercenter,Pampa,TX,35.57,-100.969
Walmart Supercenter,Dumas,TX,35.84,-101.971
Walmart Supercenter,Brady,TX,31.11,-99.331
Walmart Supercenter,Breckenridge,TX,32.759,-98.945
Walmart Supercenter,Eastland,TX,32.403,-98.794
Walmart Supercenter,Graham,TX,33.082,-98.581
Walmart Supercenter,Brenham,TX,30.14,-96.394
Walmart,Hempstead,TX,30.094,-96.061
Walmart,Navasota,TX,30.395,-96.072
Walmart Supercenter,College Station,TX,30.598,-96.301
Walmart,Caldwell,TX,30.539,-96.7
Walmart Supercenter,Sealy,TX,29.758,-96.152
Walmart Supercenter,Bryan,TX,30.635,-96.379
Walmart,Columbus,TX,29.695,-96.538
Walmart Supercenter,Bryan,TX,30.657,-96.33
Walmart Supercenter,Brownsville,TX,25.925,-97.477
Walmart Supercenter,Brownsville,TX,25.952,-97.481
Walmart Supercenter,Brownsville,TX,25.978,-97.52
Walmart Supercenter,Los Fresnos,TX,26.075,-97.491
Walmart Supercenter,Port Isabel,TX,26.071,-97.222
Walmart Supercenter,Brownwood,TX,31.732,-98.982
Walmart,Madisonville,TX,30.957,-95.894
Walmart Supercenter,New Braunfels,TX,29.685,-98.126
Walmart Supercenter,Rockdale,TX,30.644,-97.034
Walmart Supercenter,Mineola,TX,32.69,-95.482
Walmart Supercenter,Quinlan,TX,32.908,-96.126
Walmart Supercenter,Hereford,TX,34.837,-102.408
Walmart,Carrizo Springs,TX,28.538,-99.848
Walmart Supercenter,Hickory Creek,TX,33.128,-97.046
Walmart Supercenter,Carthage,TX,32.169,-94.369
Walmart Supercenter,Henderson,TX,32.132,-94.803
Walmart Supercenter,Longview,TX,32.437,-94.714
Walmart Supercenter,Kilgore,TX,32.394,-94.865
Walmart Supercenter,Longview,TX,32.542,-94.728
Walmart Supercenter,Hondo,TX,29.344,-99.127
Walmart Supercenter,Devine,TX,29.133,-98.894
Clinic Pharmacy,San Antonio,TX,29.264,-98.543
Walmart Supercenter,San Antonio,TX,29.349,-98.433
Walmart,Pearsall,TX,28.899,-99.094
Walmart Supercenter,Waxahachie,TX,32.418,-96.841
Walmart Supercenter,Marble Falls,TX,30.53,-98.284
Walmart Supercenter,Nacogdoches,TX,31.65,-94.652
Walmart Neighborhood Market,Nacogdoches,TX,31.611,-94.638
Walmart Supercenter,Childress,TX,34.435,-100.234
Walmart Supercenter,Seguin,TX,29.565,-97.942
Walmart Supercenter,Floresville,TX,29.163,-98.178
Walmart Supercenter,Cleveland,TX,30.334,-95.098
Walmart Supercenter,Conroe,TX,30.331,-95.479
Walmart Supercenter,Spring,TX,30.113,-95.388
Walmart Supercenter,The Woodlands,TX,30.207,-95.46
Clinic Pharmacy,Spring,TX,30.122,-95.433
Walmart Supercenter,Spring,TX,30.126,-95.459
Walmart Supercenter,Livingston,TX,30.716,-94.955
Walmart Supercenter,Spring,TX,30.065,-95.43
Walmart Supercenter,Tomball,TX,30.135,-95.55
Walmart Supercenter,Spring,TX,30.077,-95.513
Walmart Supercenter,Woodlands,TX,30.19,-95.588
Walmart Supercenter,Houston,TX,29.998,-95.484
Walmart Supercenter,Montgomery,TX,30.384,-95.65
Walmart,Hallettsville,TX,29.459,-96.938
Walmart Supercenter,Sulphur Springs,TX,33.106,-95.595
Walmart Supercenter,Tomball,TX,30.075,-95.625
Walmart Supercenter,Tomball,TX,30.014,-95.595
Walmart Supercenter,Cypress,TX,29.976,-95.699
Walmart Supercenter,Houston,TX,29.92,-95.602
Walmart Supercenter,Huntsville,TX,30.714,-95.57
Walmart Neighborhood Market,Cypress,TX,29.942,-95.68
Walmart Neighborhood Market,Cypress,TX,29.898,-95.683
Walmart Supercenter,Cypress,TX,29.911,-95.726
Walmart Supercenter,Houston,TX,29.878,-95.652
Walmart Neighborhood Market,Houston,TX,29.844,-95.645
Walmart Supercenter,Katy,TX,29.861,-95.717
Walmart Supercenter,Lampasas,TX,31.064,-98.161
Walmart Supercenter,Corsicana,TX,32.068,-96.508
Walmart Supercenter,Ennis,TX,32.333,-96.621
Walmart Supercenter,Mexia,TX,31.686,-96.456
Walmart Supercenter,Crockett,TX,31.321,-95.436
Walmart Supercenter,Palestine,TX,31.736,-95.616
Walmart Supercenter,Denton,TX,33.192,-97.094
Walmart Supercenter,Denton,TX,33.233,-97.168
Walmart,Cuero,TX,29.09,-97.271
Walmart Supercenter,Victoria,TX,28.878,-96.994
Walmart Supercenter,Victoria,TX,28.818,-96.96
Walmart Supercenter,Gonzales,TX,29.518,-97.45
Walmart Supercenter,Katy,TX,29.819,-95.768
Walmart Supercenter,Katy,TX,29.789,-95.722
Walmart Supercenter,Katy,TX,29.784,-95.804
Walmart Neighborhood Market,Katy,TX,29.759,-95.731
Walmart Supercenter,Katy,TX,29.744,-95.792
Walmart Supercenter,Richmond,TX,29.69,-95.774
Walmart Supercenter,Richmond,TX,29.696,-95.843
Walmart Supercenter,Bowie,TX,33.541,-97.837
Walmart Supercenter,Del Rio,TX,29.396,-100.901
Walmart Supercenter,Pleasanton,TX,28.938,-98.513
Walmart Supercenter,Eagle Pass,TX,28.703,-100.484
Walmart Supercenter,El Paso,TX,31.829,-106.447
Walmart Neighborhood Market,El Paso,TX,31.811,-106.558
Walmart Supercenter,El Paso,TX,31.777,-106.385
Walmart Supercenter,El Paso,TX,31.837,-106.566
Walmart Neighborhood Market,El Paso,TX,31.869,-106.432
Walmart Neighborhood Market,El Paso,TX,31.728,-106.345
Walmart Supercenter,El Paso,TX,31.753,-106.34
Walmart Supercenter,El Paso,TX,31.896,-106.438
Walmart Supercenter,El Paso,TX,31.683,-106.312
Walmart Neighborhood Market,El Paso,TX,31.742,-106.289
Walmart Neighborhood Market,El Paso,TX,31.783,-106.283
Walmart Supercenter,El Paso,TX,31.756,-106.271
Walmart Supercenter,El Paso,TX,31.805,-106.262
Walmart Neighborhood Market,Socorro,TX,31.655,-106.289
Walmart Neighborhood Market,El Paso,TX,31.796,-106.23
Walmart Supercenter,Horizon City,TX,31.68,-106.201
Walmart Supercenter,Fort Stockton,TX,30.894,-102.908
Walmart Supercenter,Gainesville,TX,33.646,-97.136
Walmart Supercenter,Gilmer,TX,32.747,-94.938
Walmart Neighborhood Market,Longview,TX,32.555,-94.798
Walmart Supercenter,Longview,TX,32.532,-94.785
Walmart Supercenter,Mount Pleasant,TX,33.135,-94.968
Walmart Supercenter,Tyler,TX,32.346,-95.264
Walmart Supercenter,Stephenville,TX,32.207,-98.238
Walmart Supercenter,Tyler,TX,32.298,-95.26
Walmart Supercenter,Jacksonville,TX,31.951,-95.266
Walmart Supercenter,Jasper,TX,30.907,-94.015
Walmart Supercenter,Woodville,TX,30.764,-94.419
Walmart,Laredo,TX,27.552,-99.506
Walmart Supercenter,Laredo,TX,27.611,-99.474
Walmart Supercenter,Laredo,TX,27.454,-99.477
Walmart Supercenter,Laredo,TX,27.611,-99.462
Walmart Supercenter,Levelland,TX,33.594,-102.362
Walmart Supercenter,Lubbock,TX,33.517,-101.956
Walmart Supercenter,Lubbock,TX,33.589,-101.938
Walmart Supercenter,Lubbock,TX,33.528,-101.904
Walmart Supercenter,Lubbock,TX,33.49,-101.902
Walmart Supercenter,Lubbock,TX,33.59,-101.859
Walmart Neighborhood Market,Lubbock,TX,33.505,-101.87
Walmart Supercenter,Lufkin,TX,31.3,-94.729
Walmart Supercenter,Midland,TX,31.975,-102.07
Walmart Supercenter,Midland,TX,32.03,-102.148
Walmart Supercenter,Odessa,TX,31.896,-102.333
Walmart Supercenter,Odessa,TX,31.854,-102.411
Walmart Supercenter,Rio Grande City,TX,26.365,-98.792
Walmart,Pecos,TX,31.409,-103.488
Walmart Supercenter,Plainview,TX,34.196,-101.753
Walmart Supercenter,Port Lavaca,TX,28.632,-96.627
Walmart Neighborhood Market,San Angelo,TX,31.454,-100.461
Walmart Supercenter,San Angelo,TX,31.427,-100.441
Walmart Neighborhood Market,San Angelo,TX,31.409,-100.478
Walmart Supercenter,San Angelo,TX,31.427,-100.509
Walmart Supercenter,Snyder,TX,32.691,-100.918
Walmart Supercenter,Stamford,TX,32.971,-99.8
Walmart Supercenter,Sweetwater,TX,32.454,-100.393
Walmart Supercenter,Uvalde,TX,29.235,-99.754
Walmart Supercenter,Wichita Falls,TX,33.951,-98.529
Walmart Supercenter,Wichita Falls,TX,33.877,-98.542
Walmart Supercenter,Wichita Falls,TX,33.851,-98.501
Walmart Supercenter,American Fork,UT,40.385,-111.825
Walmart Neighborhood Market,Pleasant Grove,UT,40.367,-111.765
Walmart Supercenter,Cedar Hills,UT,40.416,-111.771
Walmart Supercenter,Lindon,UT,40.349,-111.732
Walmart Supercenter,Saratoga Springs,UT,40.389,-111.92
Walmart Supercenter,Orem,UT,40.273,-111.71
Walmart Supercenter,Eagle Mountain,UT,40.382,-111.975
Walmart Neighborhood Market,Provo,UT,40.263,-111.67
Walmart Neighborhood Market,Draper,UT,40.527,-111.853
Walmart Neighborhood Market,Riverton,UT,40.523,-111.926
Walmart Supercenter,South Jordan,UT,40.545,-111.901
Walmart Supercenter,Riverton,UT,40.505,-111.978
Walmart Neighborhood Market,Herriman,UT,40.509,-112.011
Walmart Supercenter,Sandy,UT,40.585,-111.86
Walmart Supercenter,South Jordan,UT,40.563,-111.975
Walmart Supercenter,Midvale,UT,40.62,-111.859
Walmart Supercenter,Springville,UT,40.158,-111.644
Walmart Supercenter,West Jordan,UT,40.611,-111.978
Walmart Supercenter,Spanish Fork,UT,40.124,-111.639
Walmart Supercenter,Taylorsville,UT,40.65,-111.937
Walmart Supercenter,Salt Lake City,UT,40.67,-111.864
Walmart Supercenter,Heber City,UT,40.489,-111.419
Walmart Neighborhood Market,Spanish Fork,UT,40.099,-111.613
Walmart Supercenter,West Valley City,UT,40.636,-112.027
Walmart Neighborhood Market,West Valley City,UT,40.671,-111.989
Walmart Supercenter,Salt Lake City,UT,40.72,-111.813
Walmart Supercenter,Payson,UT,40.028,-111.757
Walmart Supercenter,West Valley City,UT,40.702,-112.027
Walmart Supercenter,Salt Lake City,UT,40.74,-111.901
Walmart Neighborhood Market,Magna,UT,40.695,-112.092
Walmart Supercenter,Park City,UT,40.726,-111.549
Walmart Supercenter,Tooele,UT,40.556,-112.301
Walmart Supercenter,Cedar City,UT,37.654,-113.085
Walmart Supercenter,Centerville,UT,40.919,-111.883
Walmart Supercenter,Layton,UT,41.069,-111.98
Walmart Neighborhood Market,Layton,UT,41.1,-111.94
Walmart Supercenter,Syracuse,UT,41.09,-112.07
Walmart Neighborhood Market,South Ogden,UT,41.152,-111.939
Walmart Supercenter,Clinton,UT,41.137,-112.062
Walmart Supercenter,Riverdale,UT,41.176,-111.999
Walmart Supercenter,Ogden,UT,41.232,-111.981
Walmart Supercenter,Harrisville,UT,41.268,-111.974
Walmart Supercenter,Perry,UT,41.484,-112.03
Walmart Supercenter,Ephraim,UT,39.373,-111.587
Walmart Supercenter,Hurricane,UT,37.173,-113.367
Walmart Supercenter,Washington,UT,37.127,-113.518
Walmart Supercenter,North Logan,UT,41.761,-111.834
Walmart Supercenter,Logan,UT,41.712,-111.839
Walmart Supercenter,Price,UT,39.596,-110.789
Walmart Supercenter,Richfield,UT,38.749,-112.084
Walmart Supercenter,Vernal,UT,40.44,-109.564
Walmart Supercenter,Pounding Mill,VA,37.066,-81.732
Walmart Supercenter,Altavista,VA,37.143,-79.266
Walmart Neighborhood Market,Lynchburg,VA,37.323,-79.253
Walmart Neighborhood Market,Forest,VA,37.365,-79.262
Walmart Supercenter,Lynchburg,VA,37.354,-79.186
Walmart Supercenter,Bedford,VA,37.326,-79.498
Walmart Supercenter,Lynchburg,VA,37.411,-79.209
Walmart Supercenter,Madison Heights,VA,37.461,-79.116
Walmart Supercenter,Appomattox,VA,37.367,-78.839
Walmart Supercenter,Rocky Mount,VA,37.014,-79.863
Walmart Supercenter,Farmville,VA,37.279,-78.401
Walmart Supercenter,Ashland,VA,37.755,-77.46
Walmart Neighborhood Market,Ashland,VA,37.693,-77.439
Walmart Supercenter,Richmond,VA,37.631,-77.457
Walmart Supercenter,Glen Allen,VA,37.652,-77.608
Walmart Supercenter,Richmond,VA,37.603,-77.522
Walmart Supercenter,Richmond,VA,37.604,-77.566
Walmart Supercenter,Mechanicsville,VA,37.614,-77.355
Walmart Supercenter,Richmond,VA,37.532,-77.532
Walmart Supercenter,Henrico,VA,37.545,-77.364
Walmart Supercenter,Midlothian,VA,37.504,-77.63
Walmart Neighborhood Market,North Chesterfield,VA,37.442,-77.473
Walmart Supercenter,Powhatan,VA,37.514,-77.776
Walmart Supercenter,Midlothian,VA,37.431,-77.621
Walmart Supercenter,Chesterfield,VA,37.401,-77.677
Walmart Supercenter,Chester,VA,37.353,-77.483
Walmart Supercenter,Fredericksburg,VA,38.237,-77.509
Walmart Supercenter,Roanoke,VA,37.325,-79.873
Walmart Neighborhood Market,Roanoke,VA,37.274,-79.91
Walmart Neighborhood Market,Roanoke,VA,37.322,-79.936
Walmart Supercenter,Roanoke,VA,37.302,-79.96
Walmart Supercenter,Roanoke,VA,37.207,-79.95
Walmart Supercenter,Salem,VA,37.29,-80.089
Walmart Supercenter,Lexington,VA,37.806,-79.41
Walmart Supercenter,Blackstone,VA,37.061,-78.004
Walmart Supercenter,Bluefield,VA,37.238,-81.255
Walmart Supercenter,Princeton,WV,37.359,-81.044
Walmart Supercenter,Wytheville,VA,36.956,-81.099
Walmart Supercenter,Pearisburg,VA,37.329,-80.709
Walmart Supercenter,Dublin,VA,37.084,-80.695
Walmart Supercenter,Macarthur,WV,37.754,-81.218
Walmart Supercenter,Warrenton,VA,38.697,-77.79
Walmart Supercenter,Charlottesville,VA,38.097,-78.467
Walmart Supercenter,Gordonsville,VA,37.977,-78.209
Walmart Supercenter,Ruckersville,VA,38.236,-78.373
Walmart Neighborhood Market,Waynesboro,VA,38.072,-78.895
Walmart Supercenter,Waynesboro,VA,38.068,-78.933
Walmart Supercenter,Staunton,VA,38.136,-79.046
Walmart Neighborhood Market,Rockingham,VA,38.405,-78.864
Walmart Supercenter,Harrisonburg,VA,38.435,-78.853
Walmart Supercenter,Portsmouth,VA,36.829,-76.342
Walmart Neighborhood Market,Norfolk,VA,36.863,-76.246
Walmart Supercenter,Norfolk,VA,36.863,-76.208
Walmart Supercenter,Chesapeake,VA,36.83,-76.418
Walmart Supercenter,Virginia Beach,VA,36.794,-76.123
Walmart Supercenter,Virginia Beach,VA,36.843,-76.143
Walmart Supercenter,Norfolk,VA,36.913,-76.252
Walmart Neighborhood Market,Norfolk,VA,36.918,-76.228
Walmart Supercenter,Suffolk,VA,36.883,-76.429
Walmart Neighborhood Market,Virginia Beach,VA,36.792,-76.083
Walmart Supercenter,Virginia Beach,VA,36.824,-76.072
Walmart Supercenter,Virginia Beach,VA,36.847,-76.019
Walmart Supercenter,Suffolk,VA,36.746,-76.581
Walmart Supercenter,Hampton,VA,37.041,-76.379
Walmart Neighborhood Market,Hampton,VA,37.037,-76.403
Walmart Supercenter,Newport News,VA,37.022,-76.449
Walmart Neighborhood Market,Newport News,VA,37.061,-76.465
Walmart Supercenter,Yorktown,VA,37.119,-76.459
Walmart Supercenter,Newport News,VA,37.119,-76.506
Walmart Supercenter,Colonial Heights,VA,37.246,-77.387
Walmart Supercenter,Petersburg,VA,37.179,-77.367
Walmart Supercenter,Christiansburg,VA,37.161,-80.425
Walmart Supercenter,Fairlawn,VA,37.151,-80.584
Walmart Supercenter,Covington,VA,37.768,-79.991
Walmart Supercenter,Lewisburg,WV,37.812,-80.429
Walmart Supercenter,Culpeper,VA,38.48,-77.974
Walmart Supercenter,Locust Grove,VA,38.372,-77.769
Walmart Supercenter,Luray,VA,38.662,-78.494
Walmart Supercenter,Front Royal,VA,38.964,-78.189
Walmart Supercenter,Winchester,VA,39.084,-78.15
Walmart Supercenter,Winchester,VA,39.157,-78.173
Walmart Supercenter,Woodstock,VA,38.869,-78.531
Walmart Supercenter,Winchester,VA,39.194,-78.206
Walmart Supercenter,Gloucester,VA,37.401,-76.528
Walmart Supercenter,Williamsburg,VA,37.346,-76.737
Walmart Neighborhood Market,Williamsburg,VA,37.276,-76.751
Walmart Supercenter,Kilmarnock,VA,37.727,-76.385
Walmart Supercenter,Harrisonburg,VA,38.431,-78.909
Walmart Supercenter,Timberville,VA,38.63,-78.778
Walmart Supercenter,Aberdeen,WA,46.977,-123.806
Walmart Supercenter,Arlington,WA,48.151,-122.175
Walmart Supercenter,Marysville,WA,48.079,-122.189
Walmart Supercenter,Marysville,WA,48.055,-122.113
Walmart Supercenter,Mount Vernon,WA,48.441,-122.346
Walmart Supercenter,Everett,WA,47.914,-122.213
Walmart Supercenter,Monroe,WA,47.866,-121.972
Walmart,Lynnwood,WA,47.849,-122.253
Walmart,Oak Harbor,WA,48.288,-122.663
Walmart Neighborhood Market,Lynnwood,WA,47.842,-122.297
Walmart Supercenter,Auburn,WA,47.302,-122.241
Walmart Supercenter,Federal Way,WA,47.292,-122.313
Walmart,Covington,WA,47.36,-122.11
Walmart Supercenter,Bonney Lake,WA,47.171,-122.173
Walmart Supercenter,Puyallup,WA,47.161,-122.289
Walmart Supercenter,Renton,WA,47.472,-122.221
Walmart Supercenter,Tacoma,WA,47.24,-122.479
Walmart Supercenter,Puyallup,WA,47.106,-122.296
Walmart Supercenter,Lakewood,WA,47.194,-122.517
Walmart Supercenter,Spanaway,WA,47.074,-122.419
Walmart Neighborhood Market,Bellevue,WA,47.609,-122.14
Walmart Supercenter,Port Orchard,WA,47.517,-122.628
Walmart,Bremerton,WA,47.625,-122.633
Walmart Supercenter,Yelm,WA,46.934,-122.578
Walmart Supercenter,Lacey,WA,47.06,-122.773
Walmart Supercenter,Poulsbo,WA,47.757,-122.662
Walmart,Bellingham,WA,48.802,-122.483
Walmart Neighborhood Market,Lacey,WA,46.997,-122.819
Walmart Supercenter,Shelton,WA,47.233,-123.126
Walmart Supercenter,Chehalis,WA,46.679,-122.979
Walmart Supercenter,Tumwater,WA,46.995,-122.919
Walmart Supercenter,Chelan,WA,47.843,-119.988
Walmart Supercenter,Wenatchee,WA,47.454,-120.34
Walmart Supercenter,Colville,WA,48.553,-117.915
Walmart Supercenter,Ephrata,WA,47.304,-119.54
Walmart Supercenter,Moses Lake,WA,47.142,-119.275
Walmart Supercenter,Othello,WA,46.824,-119.148
Walmart Supercenter,Sequim,WA,48.08,-123.134
Walmart Supercenter,Omak,WA,48.414,-119.508
Walmart Supercenter,Port Angeles,WA,48.111,-123.363
Walmart Supercenter,Sunnyside,WA,46.315,-119.986
Walmart Supercenter,Yakima,WA,46.601,-120.48
Walmart Supercenter,Yakima,WA,46.584,-120.597
Walmart Supercenter,Antigo,WI,45.162,-89.139
Walmart Supercenter,Merrill,WI,45.176,-89.65
Walmart Supercenter,Wausau,WI,44.919,-89.653
Walmart Supercenter,Appleton,WI,44.244,-88.352
Walmart Supercenter,Appleton,WI,44.269,-88.48
Walmart Supercenter,Neenah,WI,44.175,-88.493
Walmart Supercenter,De Pere,WI,44.434,-88.105
Walmart Supercenter,Oshkosh,WI,44.016,-88.584
Walmart,New London,WI,44.411,-88.742
Walmart Supercenter,Chilton,WI,44.024,-88.139
Walmart Supercenter,Green Bay,WI,44.524,-88.091
Walmart Supercenter,Green Bay,WI,44.479,-87.971
Walmart Supercenter,Fond Du Lac,WI,43.788,-88.484
Walmart Supercenter,Berlin,WI,43.968,-88.977
Walmart Supercenter,Baraboo,WI,43.459,-89.772
Walmart Supercenter,Wisconsin Dells,WI,43.585,-89.812
Walmart Supercenter,Portage,WI,43.57,-89.473
Walmart,Madison,WI,43.052,-89.509
Walmart Supercenter,Richland Center,WI,43.314,-90.348
Walmart Supercenter,Sun Prairie,WI,43.174,-89.247
Walmart Supercenter,Madison,WI,43.111,-89.313
Walmart Supercenter,Beaver Dam,WI,43.489,-88.811
Walmart Supercenter,Watertown,WI,43.162,-88.733
Walmart Supercenter,Hartford,WI,43.325,-88.4
Walmart Supercenter,West Bend,WI,43.396,-88.197
Walmart Supercenter,Jefferson,WI,42.988,-88.808
Walmart Supercenter,Stoughton,WI,42.919,-89.254
Walmart Supercenter,Black River Falls,WI,44.292,-90.835
Walmart Supercenter,Sparta,WI,43.939,-90.832
Walmart Supercenter,Tomah,WI,44.021,-90.509
Walmart Supercenter,Brown Deer,WI,43.178,-87.989
Walmart Supercenter,Milwaukee,WI,43.088,-87.906
Walmart Supercenter,Germantown,WI,43.196,-88.146
Walmart Supercenter,West Milwaukee,WI,43.018,-87.966
Walmart Supercenter,Milwaukee,WI,42.984,-87.95
Walmart Supercenter,New Berlin,WI,43.017,-88.103
Walmart,Pewaukee,WI,43.088,-88.228
Walmart Supercenter,Saukville,WI,43.384,-87.921
Walmart Supercenter,Waukesha,WI,42.98,-88.239
Walmart Supercenter,Delafield,WI,43.049,-88.371
Walmart Supercenter,Plymouth,WI,43.752,-87.945
Walmart Supercenter,Manitowoc,WI,44.076,-87.699
Walmart Supercenter,Sheboygan,WI,43.793,-87.769
Walmart Supercenter,Sheboygan,WI,43.715,-87.755
Walmart Supercenter,Chippewa Falls,WI,44.884,-91.422
Walmart Supercenter,Eau Claire,WI,44.776,-91.428
Walmart Supercenter,Menomonie,WI,44.91,-91.931
Walmart Supercenter,Shawano,WI,44.782,-88.581
Walmart Supercenter,Dodgeville,WI,42.974,-90.116
Walmart Supercenter,Hayward,WI,46.017,-91.473
Walmart Supercenter,Monona,WI,43.042,-89.35
Walmart Supercenter,Viroqua,WI,43.57,-90.889
Walmart Supercenter,Ladysmith,WI,45.457,-91.114
Walmart Supercenter,Rice Lake,WI,45.476,-91.763
Walmart Supercenter,Marinette,WI,45.074,-87.66
Walmart Supercenter,Sturgeon Bay,WI,44.85,-87.358
Walmart Supercenter,Marshfield,WI,44.686,-90.156
Walmart Supercenter,Wisconsin Rapids,WI,44.355,-89.814
Walmart Supercenter,Medford,WI,45.154,-90.334
Walmart Supercenter,Plover,WI,44.493,-89.51
Walmart Supercenter,Rhinelander,WI,45.636,-89.383
Walmart Supercenter,Minocqua,WI,45.89,-89.725
Walmart Supercenter,Prairie Du Chien,WI,43.018,-91.109
Walmart Supercenter,South Charleston,WV,38.32,-81.714
Walmart Supercenter,Beckley,WV,37.805,-81.177
Walmart Supercenter,Fayetteville,WV,38.034,-81.12
Walmart Supercenter,Quincy,WV,38.202,-81.506
Walmart Supercenter,Buckhannon,WV,38.998,-80.235
Walmart Supercenter,Weston,WV,39.02,-80.415
Walmart Supercenter,Clarksburg,WV,39.265,-80.286
Walmart Supercenter,Elkins,WV,38.893,-79.844
Walmart Supercenter,Sutton,WV,38.707,-80.665
Walmart Supercenter,Summersville,WV,38.305,-80.835
Walmart Supercenter,Spencer,WV,38.798,-81.35
Walmart Supercenter,Casper,WY,42.851,-106.267
Walmart Supercenter,Casper,WY,42.817,-106.374
Walmart Supercenter,Cheyenne,WY,41.161,-104.791
Walmart Supercenter,Cheyenne,WY,41.126,-104.765
Walmart Supercenter,Cody,WY,44.518,-109.089
Walmart Supercenter,Evanston,WY,41.266,-110.954
Walmart Supercenter,Gillette,WY,44.273,-105.498
Walmart Supercenter,Laramie,WY,41.302,-105.54
Walmart Supercenter,Rawlins,WY,41.79,-107.207
Walmart Supercenter,Riverton,WY,43.043,-108.379
Walmart Supercenter,Rock Springs,WY,41.581,-109.251
Walmart Supercenter,Sheridan,WY,44.78,-106.94
Walmart de Bayamón,Bayamón,PR,18.406,-66.162
Walmart de Fajardo,Fajardo,PR,18.343,-65.674
Walmart Supercenter de Caguas,Caguas,PR,18.248,-66.02
Walmart Supercenter de Canóvanas,Canóvanas,PR,18.391,-65.876
Walmart Supercenter de Carolina,Carolina,PR,18.39,-65.998
Walmart Supercenter de Humacao,Humacao,PR,18.143,-65.809
Walmart Supercenter de Manatí,Manatí,PR,18.439,-66.457
Walmart Supercenter de Santurce ,San Juan,PR,18.448,-66.076
Walmart de Isabela,Isabela,PR,18.47,-67.023
Walmart de Mayagüez,Mayagüez,PR,18.213,-67.148
Walmart Supercenter de Baramaya,Ponce,PR,18.0,-66.64
Walmart Supercenter de Barceloneta,Barceloneta,PR,18.456,-66.566
Walmart Supercenter de Cayey,Cayey,PR,18.119,-66.14
Walmart Supercenter de Coto Laurel,Ponce,PR,18.049,-66.546
Walmart Supercenter de Hatillo,Hatillo,PR,18.49,-66.789
Walmart Supercenter de Toa Baja,Toa Baja,PR,18.396,-66.252
Walmart de Guayama,Guayama,PR,17.979,-66.099
Walmart Supercenter de Santa Isabel,Santa Isabel,PR,17.964,-66.406
